Image URL,Page URL
https://idpc.gov.co/sanjuandedios/wp-content/uploads/2023/12/20231211_expo_resurgir-135.jpg,https://idpc.gov.co/sanjuandedios/category/proyectos-visuales
https://idpc.gov.co/sanjuandedios/wp-content/uploads/2023/12/DiarioDelSanJuan.jpg,https://idpc.gov.co/sanjuandedios/category/proyectos-visuales
https://idpc.gov.co/sanjuandedios/wp-content/uploads/2023/12/20231211_expo_resurgir-125.jpg,https://idpc.gov.co/sanjuandedios/category/proyectos-visuales
https://idpc.gov.co/sanjuandedios/wp-content/uploads/2023/12/Screenshot-2023-12-12-at-1.48.53-PM.png,https://idpc.gov.co/sanjuandedios/category/proyectos-visuales
https://idpc.gov.co/sanjuandedios/wp-content/uploads/2023/12/20231211_expo_resurgir-16.jpg,https://idpc.gov.co/sanjuandedios/category/proyectos-visuales
https://idpc.gov.co/sanjuandedios/wp-content/uploads/2023/12/20231211_expo_resurgir-23.jpg,https://idpc.gov.co/sanjuandedios/category/proyectos-visuales
https://idpc.gov.co/sanjuandedios/wp-content/uploads/2023/12/20231211_expo_resurgir-128_.jpg,https://idpc.gov.co/sanjuandedios/category/proyectos-visuales
https://idpc.gov.co/sanjuandedios/wp-content/uploads/2023/12/20231211_expo_resurgir-97.jpg,https://idpc.gov.co/sanjuandedios/category/proyectos-visuales
https://idpc.gov.co/sanjuandedios/wp-content/uploads/2023/12/20231211_expo_resurgir-84.jpg,https://idpc.gov.co/sanjuandedios/category/proyectos-visuales
https://idpc.gov.co/sanjuandedios/wp-content/uploads/2023/12/unlugareneltiempo.jpg,https://idpc.gov.co/sanjuandedios/category/proyectos-visuales
https://idpc.gov.co/sanjuandedios/wp-content/uploads/2023/12/20231211_expo_resurgir-36-uai-445x593.jpg,https://idpc.gov.co/sanjuandedios/hsjd-no-1-a
https://idpc.gov.co/sanjuandedios/wp-content/uploads/2023/12/20231211_expo_resurgir-37.jpg,https://idpc.gov.co/sanjuandedios/hsjd-no-1-a
https://idpc.gov.co/sanjuandedios/wp-content/uploads/2023/12/20231211_expo_resurgir-37-uai-445x593.jpg,https://idpc.gov.co/sanjuandedios/hsjd-no-1-a
https://idpc.gov.co/sanjuandedios/wp-content/uploads/2023/12/unlugareneltiempo-150x150.jpg,https://idpc.gov.co/sanjuandedios/hsjd-no-1-a
https://idpc.gov.co/sanjuandedios/wp-content/uploads/2023/12/20231211_expo_resurgir-134-150x150.jpg,https://idpc.gov.co/sanjuandedios/hsjd-no-1-a
https://idpc.gov.co/sanjuandedios/wp-content/uploads/2023/12/20231211_expo_resurgir-36.jpg,https://idpc.gov.co/sanjuandedios/hsjd-no-1-a
https://idpc.gov.co/sanjuandedios/wp-content/uploads/2023/12/20231211_expo_resurgir-38-uai-445x593.jpg,https://idpc.gov.co/sanjuandedios/hsjd-no-1-a
https://idpc.gov.co/sanjuandedios/wp-content/uploads/2023/12/20231211_expo_resurgir-38.jpg,https://idpc.gov.co/sanjuandedios/hsjd-no-1-a
https://idpc.gov.co/sanjuandedios/wp-content/uploads/2023/12/20231211_expo_resurgir-129.jpg,https://idpc.gov.co/sanjuandedios/zurcir
https://idpc.gov.co/sanjuandedios/wp-content/uploads/2023/12/20231211_expo_resurgir-133.jpg,https://idpc.gov.co/sanjuandedios/zurcir
https://idpc.gov.co/sanjuandedios/wp-content/uploads/2023/12/20231211_expo_resurgir-130.jpg,https://idpc.gov.co/sanjuandedios/zurcir
https://idpc.gov.co/sanjuandedios/wp-content/uploads/2023/12/20231211_expo_resurgir-101.jpg,https://idpc.gov.co/sanjuandedios/zurcir
https://idpc.gov.co/sanjuandedios/wp-content/uploads/2023/12/20231211_expo_resurgir-35-150x150.jpg,https://idpc.gov.co/sanjuandedios/zurcir
https://idpc.gov.co/sanjuandedios/wp-content/uploads/2023/12/20231211_expo_resurgir-132.jpg,https://idpc.gov.co/sanjuandedios/zurcir
https://idpc.gov.co/sanjuandedios/wp-content/uploads/2023/12/20231211_expo_resurgir-36-150x150.jpg,https://idpc.gov.co/sanjuandedios/zurcir
https://idpc.gov.co/sanjuandedios/wp-content/uploads/2023/12/20231211_expo_resurgir-131.jpg,https://idpc.gov.co/sanjuandedios/zurcir
https://idpc.gov.co/sanjuandedios/wp-content/uploads/2023/12/20231211_expo_resurgir-134.jpg,https://idpc.gov.co/sanjuandedios/zurcir
https://idpc.gov.co/sanjuandedios/wp-content/uploads/2023/12/20231211_expo_resurgir-30.jpg,https://idpc.gov.co/sanjuandedios/vestigios-de-memoria-de-la-ruina
https://idpc.gov.co/sanjuandedios/wp-content/uploads/2023/12/20231211_expo_resurgir-33.jpg,https://idpc.gov.co/sanjuandedios/vestigios-de-memoria-de-la-ruina
https://idpc.gov.co/sanjuandedios/wp-content/uploads/2023/12/20231211_expo_resurgir-31.jpg,https://idpc.gov.co/sanjuandedios/vestigios-de-memoria-de-la-ruina
https://idpc.gov.co/sanjuandedios/wp-content/uploads/2023/12/ProyectosAudiovisuales_DSC6402-uai-667x667.jpg,https://idpc.gov.co/sanjuandedios/vestigios-de-memoria-de-la-ruina
https://idpc.gov.co/sanjuandedios/wp-content/uploads/2023/12/20231211_expo_resurgir-32.jpg,https://idpc.gov.co/sanjuandedios/vestigios-de-memoria-de-la-ruina
https://idpc.gov.co/sanjuandedios/wp-content/uploads/2023/12/20231211_expo_resurgir-34.jpg,https://idpc.gov.co/sanjuandedios/vestigios-de-memoria-de-la-ruina
https://idpc.gov.co/sanjuandedios/wp-content/uploads/2023/12/20231211_expo_resurgir-141-150x150.jpg,https://idpc.gov.co/sanjuandedios/vestigios-de-memoria-de-la-ruina
https://idpc.gov.co/sanjuandedios/wp-content/uploads/2023/12/20231211_expo_resurgir-35.jpg,https://idpc.gov.co/sanjuandedios/vestigios-de-memoria-de-la-ruina
https://idpc.gov.co/sanjuandedios/wp-content/uploads/2023/12/20231211_expo_resurgir-140.jpg,https://idpc.gov.co/sanjuandedios/umbrales-hospital-san-juan-de-dios
https://idpc.gov.co/sanjuandedios/wp-content/uploads/2023/12/20231211_expo_resurgir-141-uai-667x667.jpg,https://idpc.gov.co/sanjuandedios/umbrales-hospital-san-juan-de-dios
https://idpc.gov.co/sanjuandedios/wp-content/uploads/2023/12/20231211_expo_resurgir-140-uai-667x667.jpg,https://idpc.gov.co/sanjuandedios/umbrales-hospital-san-juan-de-dios
https://idpc.gov.co/sanjuandedios/wp-content/uploads/2023/12/20231211_expo_resurgir-139.jpg,https://idpc.gov.co/sanjuandedios/umbrales-hospital-san-juan-de-dios
https://idpc.gov.co/sanjuandedios/wp-content/uploads/2023/12/20231211_expo_resurgir-143-uai-667x667.jpg,https://idpc.gov.co/sanjuandedios/umbrales-hospital-san-juan-de-dios
https://idpc.gov.co/sanjuandedios/wp-content/uploads/2023/12/20231211_expo_resurgir-139-uai-445x445.jpg,https://idpc.gov.co/sanjuandedios/umbrales-hospital-san-juan-de-dios
https://idpc.gov.co/sanjuandedios/wp-content/uploads/2023/12/20231211_expo_resurgir-142-uai-667x667.jpg,https://idpc.gov.co/sanjuandedios/umbrales-hospital-san-juan-de-dios
https://idpc.gov.co/sanjuandedios/wp-content/uploads/2023/12/20231211_expo_resurgir-112-150x150.jpg,https://idpc.gov.co/sanjuandedios/umbrales-hospital-san-juan-de-dios
https://idpc.gov.co/sanjuandedios/wp-content/uploads/2023/12/20231211_expo_resurgir-141.jpg,https://idpc.gov.co/sanjuandedios/umbrales-hospital-san-juan-de-dios
https://idpc.gov.co/sanjuandedios/wp-content/uploads/2023/12/20231211_expo_resurgir-142.jpg,https://idpc.gov.co/sanjuandedios/umbrales-hospital-san-juan-de-dios
https://idpc.gov.co/sanjuandedios/wp-content/uploads/2023/12/20231211_expo_resurgir-143.jpg,https://idpc.gov.co/sanjuandedios/umbrales-hospital-san-juan-de-dios
https://idpc.gov.co/sanjuandedios/wp-content/uploads/2023/12/20231211_expo_resurgir-116-uai-667x667.jpg,https://idpc.gov.co/sanjuandedios/tribulacion
https://idpc.gov.co/sanjuandedios/wp-content/uploads/2023/12/20231211_expo_resurgir-114-uai-667x667.jpg,https://idpc.gov.co/sanjuandedios/tribulacion
https://idpc.gov.co/sanjuandedios/wp-content/uploads/2023/12/20231211_expo_resurgir-119-uai-445x445.jpg,https://idpc.gov.co/sanjuandedios/tribulacion
https://idpc.gov.co/sanjuandedios/wp-content/uploads/2023/12/20231211_expo_resurgir-121-uai-445x445.jpg,https://idpc.gov.co/sanjuandedios/tribulacion
https://idpc.gov.co/sanjuandedios/wp-content/uploads/2023/12/20231211_expo_resurgir-122.jpg,https://idpc.gov.co/sanjuandedios/tribulacion
https://idpc.gov.co/sanjuandedios/wp-content/uploads/2023/12/20231211_expo_resurgir-113-uai-667x667.jpg,https://idpc.gov.co/sanjuandedios/tribulacion
https://idpc.gov.co/sanjuandedios/wp-content/uploads/2023/12/20231211_expo_resurgir-119.jpg,https://idpc.gov.co/sanjuandedios/tribulacion
https://idpc.gov.co/sanjuandedios/wp-content/uploads/2023/12/20231211_expo_resurgir-120-uai-667x667.jpg,https://idpc.gov.co/sanjuandedios/tribulacion
https://idpc.gov.co/sanjuandedios/wp-content/uploads/2023/12/20231211_expo_resurgir-122-uai-667x667.jpg,https://idpc.gov.co/sanjuandedios/tribulacion
https://idpc.gov.co/sanjuandedios/wp-content/uploads/2023/12/20231211_expo_resurgir-117.jpg,https://idpc.gov.co/sanjuandedios/tribulacion
https://idpc.gov.co/sanjuandedios/wp-content/uploads/2023/12/20231211_expo_resurgir-121.jpg,https://idpc.gov.co/sanjuandedios/tribulacion
https://idpc.gov.co/sanjuandedios/wp-content/uploads/2023/12/20231211_expo_resurgir-116.jpg,https://idpc.gov.co/sanjuandedios/tribulacion
https://idpc.gov.co/sanjuandedios/wp-content/uploads/2023/12/20231211_expo_resurgir-115.jpg,https://idpc.gov.co/sanjuandedios/tribulacion
https://idpc.gov.co/sanjuandedios/wp-content/uploads/2023/12/20231211_expo_resurgir-118-uai-667x667.jpg,https://idpc.gov.co/sanjuandedios/tribulacion
https://idpc.gov.co/sanjuandedios/wp-content/uploads/2023/12/20231211_expo_resurgir-113.jpg,https://idpc.gov.co/sanjuandedios/tribulacion
https://idpc.gov.co/sanjuandedios/wp-content/uploads/2023/12/20231211_expo_resurgir-115-uai-445x445.jpg,https://idpc.gov.co/sanjuandedios/tribulacion
https://idpc.gov.co/sanjuandedios/wp-content/uploads/2023/12/20231211_expo_resurgir-112-uai-445x445.jpg,https://idpc.gov.co/sanjuandedios/tribulacion
https://idpc.gov.co/sanjuandedios/wp-content/uploads/2023/12/20231211_expo_resurgir-120.jpg,https://idpc.gov.co/sanjuandedios/tribulacion
https://idpc.gov.co/sanjuandedios/wp-content/uploads/2023/12/20231211_expo_resurgir-117-uai-445x445.jpg,https://idpc.gov.co/sanjuandedios/tribulacion
https://idpc.gov.co/sanjuandedios/wp-content/uploads/2023/12/20231211_expo_resurgir-112.jpg,https://idpc.gov.co/sanjuandedios/tribulacion
https://idpc.gov.co/sanjuandedios/wp-content/uploads/2023/12/20231211_expo_resurgir-118.jpg,https://idpc.gov.co/sanjuandedios/tribulacion
https://idpc.gov.co/sanjuandedios/wp-content/uploads/2023/12/20231211_expo_resurgir-114.jpg,https://idpc.gov.co/sanjuandedios/tribulacion
https://idpc.gov.co/sanjuandedios/wp-content/uploads/2023/12/20231211_expo_resurgir-16-150x150.jpg,https://idpc.gov.co/sanjuandedios/tribulacion
https://idpc.gov.co/sanjuandedios/wp-content/uploads/2023/12/20231211_expo_resurgir-12-uai-667x667.jpg,https://idpc.gov.co/sanjuandedios/mutagenos
https://idpc.gov.co/sanjuandedios/wp-content/uploads/2023/12/20231211_expo_resurgir-20.jpg,https://idpc.gov.co/sanjuandedios/mutagenos
https://idpc.gov.co/sanjuandedios/wp-content/uploads/2023/12/20231211_expo_resurgir-12.jpg,https://idpc.gov.co/sanjuandedios/mutagenos
https://idpc.gov.co/sanjuandedios/wp-content/uploads/2023/12/20231211_expo_resurgir-15.jpg,https://idpc.gov.co/sanjuandedios/mutagenos
https://idpc.gov.co/sanjuandedios/wp-content/uploads/2023/12/20231211_expo_resurgir-18-uai-445x445.jpg,https://idpc.gov.co/sanjuandedios/mutagenos
https://idpc.gov.co/sanjuandedios/wp-content/uploads/2023/12/20231211_expo_resurgir-14-uai-667x667.jpg,https://idpc.gov.co/sanjuandedios/mutagenos
https://idpc.gov.co/sanjuandedios/wp-content/uploads/2023/12/20231211_expo_resurgir-19.jpg,https://idpc.gov.co/sanjuandedios/mutagenos
https://idpc.gov.co/sanjuandedios/wp-content/uploads/2023/12/20231211_expo_resurgir-17-uai-445x445.jpg,https://idpc.gov.co/sanjuandedios/mutagenos
https://idpc.gov.co/sanjuandedios/wp-content/uploads/2023/12/20231211_expo_resurgir-18.jpg,https://idpc.gov.co/sanjuandedios/mutagenos
https://idpc.gov.co/sanjuandedios/wp-content/uploads/2023/12/20231211_expo_resurgir-20-uai-445x445.jpg,https://idpc.gov.co/sanjuandedios/mutagenos
https://idpc.gov.co/sanjuandedios/wp-content/uploads/2023/12/20231211_expo_resurgir-15-uai-445x445.jpg,https://idpc.gov.co/sanjuandedios/mutagenos
https://idpc.gov.co/sanjuandedios/wp-content/uploads/2023/12/20231211_expo_resurgir-13-uai-667x667.jpg,https://idpc.gov.co/sanjuandedios/mutagenos
https://idpc.gov.co/sanjuandedios/wp-content/uploads/2023/12/20231211_expo_resurgir-19-uai-445x445.jpg,https://idpc.gov.co/sanjuandedios/mutagenos
https://idpc.gov.co/sanjuandedios/wp-content/uploads/2023/12/20231211_expo_resurgir-14.jpg,https://idpc.gov.co/sanjuandedios/mutagenos
https://idpc.gov.co/sanjuandedios/wp-content/uploads/2023/12/20231211_expo_resurgir-13.jpg,https://idpc.gov.co/sanjuandedios/mutagenos
https://idpc.gov.co/sanjuandedios/wp-content/uploads/2023/12/20231211_expo_resurgir-16-uai-667x667.jpg,https://idpc.gov.co/sanjuandedios/mutagenos
https://idpc.gov.co/sanjuandedios/wp-content/uploads/2023/12/20231211_expo_resurgir-11.jpg,https://idpc.gov.co/sanjuandedios/mutagenos
https://idpc.gov.co/sanjuandedios/wp-content/uploads/2023/12/20231211_expo_resurgir-11-uai-667x667.jpg,https://idpc.gov.co/sanjuandedios/mutagenos
https://idpc.gov.co/sanjuandedios/wp-content/uploads/2023/12/20231211_expo_resurgir-17.jpg,https://idpc.gov.co/sanjuandedios/mutagenos
https://idpc.gov.co/sanjuandedios/wp-content/uploads/2023/12/Screenshot-2023-12-12-at-1.48.53-PM-150x150.png,https://idpc.gov.co/sanjuandedios/mutagenos
https://idpc.gov.co/sanjuandedios/wp-content/uploads/2023/12/20231211_expo_resurgir-125-150x150.jpg,https://idpc.gov.co/sanjuandedios/ese-livido-fantasma
https://idpc.gov.co/sanjuandedios/wp-content/uploads/2023/12/20231211_expo_resurgir-123-uai-667x667.jpg,https://idpc.gov.co/sanjuandedios/colindar
https://idpc.gov.co/sanjuandedios/wp-content/uploads/2023/12/20231211_expo_resurgir-124.jpg,https://idpc.gov.co/sanjuandedios/colindar
https://idpc.gov.co/sanjuandedios/wp-content/uploads/2023/12/20231211_expo_resurgir-135-150x150.jpg,https://idpc.gov.co/sanjuandedios/colindar
https://idpc.gov.co/sanjuandedios/wp-content/uploads/2023/12/20231211_expo_resurgir-123.jpg,https://idpc.gov.co/sanjuandedios/colindar
https://idpc.gov.co/sanjuandedios/wp-content/uploads/2023/12/20231211_expo_resurgir-124-uai-667x667.jpg,https://idpc.gov.co/sanjuandedios/colindar
https://idpc.gov.co/sanjuandedios/wp-content/uploads/2023/12/20231211_expo_resurgir-125-uai-445x445.jpg,https://idpc.gov.co/sanjuandedios/colindar
https://idpc.gov.co/sanjuandedios/wp-content/uploads/2023/12/20231211_expo_resurgir-136.jpg,https://idpc.gov.co/sanjuandedios/sobre-enfermedades-tropicales
https://idpc.gov.co/sanjuandedios/wp-content/uploads/2023/12/20231211_expo_resurgir-137.jpg,https://idpc.gov.co/sanjuandedios/sobre-enfermedades-tropicales
https://idpc.gov.co/sanjuandedios/wp-content/uploads/2023/12/20231211_expo_resurgir-138.jpg,https://idpc.gov.co/sanjuandedios/sobre-enfermedades-tropicales
https://idpc.gov.co/sanjuandedios/wp-content/uploads/2023/12/20231211_expo_resurgir-137-uai-667x667.jpg,https://idpc.gov.co/sanjuandedios/sobre-enfermedades-tropicales
https://idpc.gov.co/sanjuandedios/wp-content/uploads/2023/12/20231211_expo_resurgir-136-uai-445x445.jpg,https://idpc.gov.co/sanjuandedios/sobre-enfermedades-tropicales
https://idpc.gov.co/sanjuandedios/wp-content/uploads/2023/12/20231211_expo_resurgir-135-uai-667x667.jpg,https://idpc.gov.co/sanjuandedios/sobre-enfermedades-tropicales
https://idpc.gov.co/sanjuandedios/wp-content/uploads/2023/12/20231211_expo_resurgir-128_-150x150.jpg,https://idpc.gov.co/sanjuandedios/sobre-enfermedades-tropicales
https://idpc.gov.co/sanjuandedios/wp-content/uploads/2023/12/20231211_expo_resurgir-138-uai-445x445.jpg,https://idpc.gov.co/sanjuandedios/sobre-enfermedades-tropicales
https://idpc.gov.co/sanjuandedios/wp-content/uploads/2023/12/20231211_expo_resurgir-97-150x150.jpg,https://idpc.gov.co/sanjuandedios/ecos-del-san-juan
https://idpc.gov.co/sanjuandedios/wp-content/uploads/2023/12/20231211_expo_resurgir-94-uai-667x667.jpg,https://idpc.gov.co/sanjuandedios/el-apocalipsis-de-san-juan
https://idpc.gov.co/sanjuandedios/wp-content/uploads/2023/12/20231211_expo_resurgir-100-uai-445x445.jpg,https://idpc.gov.co/sanjuandedios/el-apocalipsis-de-san-juan
https://idpc.gov.co/sanjuandedios/wp-content/uploads/2023/12/20231211_expo_resurgir-96.jpg,https://idpc.gov.co/sanjuandedios/el-apocalipsis-de-san-juan
https://idpc.gov.co/sanjuandedios/wp-content/uploads/2023/12/20231211_expo_resurgir-90.jpg,https://idpc.gov.co/sanjuandedios/el-apocalipsis-de-san-juan
https://idpc.gov.co/sanjuandedios/wp-content/uploads/2023/12/20231211_expo_resurgir-90-uai-667x667.jpg,https://idpc.gov.co/sanjuandedios/el-apocalipsis-de-san-juan
https://idpc.gov.co/sanjuandedios/wp-content/uploads/2023/12/20231211_expo_resurgir-86-uai-667x667.jpg,https://idpc.gov.co/sanjuandedios/el-apocalipsis-de-san-juan
https://idpc.gov.co/sanjuandedios/wp-content/uploads/2023/12/20231211_expo_resurgir-87.jpg,https://idpc.gov.co/sanjuandedios/el-apocalipsis-de-san-juan
https://idpc.gov.co/sanjuandedios/wp-content/uploads/2023/12/20231211_expo_resurgir-91-uai-667x667.jpg,https://idpc.gov.co/sanjuandedios/el-apocalipsis-de-san-juan
https://idpc.gov.co/sanjuandedios/wp-content/uploads/2023/12/20231211_expo_resurgir-97-uai-667x667.jpg,https://idpc.gov.co/sanjuandedios/el-apocalipsis-de-san-juan
https://idpc.gov.co/sanjuandedios/wp-content/uploads/2023/12/20231211_expo_resurgir-98.jpg,https://idpc.gov.co/sanjuandedios/el-apocalipsis-de-san-juan
https://idpc.gov.co/sanjuandedios/wp-content/uploads/2023/12/20231211_expo_resurgir-88.jpg,https://idpc.gov.co/sanjuandedios/el-apocalipsis-de-san-juan
https://idpc.gov.co/sanjuandedios/wp-content/uploads/2023/12/20231211_expo_resurgir-89-uai-667x667.jpg,https://idpc.gov.co/sanjuandedios/el-apocalipsis-de-san-juan
https://idpc.gov.co/sanjuandedios/wp-content/uploads/2023/12/20231211_expo_resurgir-95.jpg,https://idpc.gov.co/sanjuandedios/el-apocalipsis-de-san-juan
https://idpc.gov.co/sanjuandedios/wp-content/uploads/2023/12/20231211_expo_resurgir-99.jpg,https://idpc.gov.co/sanjuandedios/el-apocalipsis-de-san-juan
https://idpc.gov.co/sanjuandedios/wp-content/uploads/2023/12/20231211_expo_resurgir-94.jpg,https://idpc.gov.co/sanjuandedios/el-apocalipsis-de-san-juan
https://idpc.gov.co/sanjuandedios/wp-content/uploads/2023/12/20231211_expo_resurgir-86.jpg,https://idpc.gov.co/sanjuandedios/el-apocalipsis-de-san-juan
https://idpc.gov.co/sanjuandedios/wp-content/uploads/2023/12/20231211_expo_resurgir-100.jpg,https://idpc.gov.co/sanjuandedios/el-apocalipsis-de-san-juan
https://idpc.gov.co/sanjuandedios/wp-content/uploads/2023/12/20231211_expo_resurgir-92.jpg,https://idpc.gov.co/sanjuandedios/el-apocalipsis-de-san-juan
https://idpc.gov.co/sanjuandedios/wp-content/uploads/2023/12/20231211_expo_resurgir-88-uai-667x667.jpg,https://idpc.gov.co/sanjuandedios/el-apocalipsis-de-san-juan
https://idpc.gov.co/sanjuandedios/wp-content/uploads/2023/12/20231211_expo_resurgir-98-uai-667x667.jpg,https://idpc.gov.co/sanjuandedios/el-apocalipsis-de-san-juan
https://idpc.gov.co/sanjuandedios/wp-content/uploads/2023/12/20231211_expo_resurgir-99-uai-667x667.jpg,https://idpc.gov.co/sanjuandedios/el-apocalipsis-de-san-juan
https://idpc.gov.co/sanjuandedios/wp-content/uploads/2023/12/20231211_expo_resurgir-23-150x150.jpg,https://idpc.gov.co/sanjuandedios/el-apocalipsis-de-san-juan
https://idpc.gov.co/sanjuandedios/wp-content/uploads/2023/12/20231211_expo_resurgir-96-uai-667x667.jpg,https://idpc.gov.co/sanjuandedios/el-apocalipsis-de-san-juan
https://idpc.gov.co/sanjuandedios/wp-content/uploads/2023/12/20231211_expo_resurgir-91.jpg,https://idpc.gov.co/sanjuandedios/el-apocalipsis-de-san-juan
https://idpc.gov.co/sanjuandedios/wp-content/uploads/2023/12/20231211_expo_resurgir-87-uai-667x667.jpg,https://idpc.gov.co/sanjuandedios/el-apocalipsis-de-san-juan
https://idpc.gov.co/sanjuandedios/wp-content/uploads/2023/12/20231211_expo_resurgir-92-uai-445x445.jpg,https://idpc.gov.co/sanjuandedios/el-apocalipsis-de-san-juan
https://idpc.gov.co/sanjuandedios/wp-content/uploads/2023/12/20231211_expo_resurgir-95-uai-667x667.jpg,https://idpc.gov.co/sanjuandedios/el-apocalipsis-de-san-juan
https://idpc.gov.co/sanjuandedios/wp-content/uploads/2023/12/20231211_expo_resurgir-89.jpg,https://idpc.gov.co/sanjuandedios/el-apocalipsis-de-san-juan
https://idpc.gov.co/sanjuandedios/wp-content/uploads/2023/12/20231211_expo_resurgir-26-uai-445x445.jpg,https://idpc.gov.co/sanjuandedios/voluntad-anticipada
https://idpc.gov.co/sanjuandedios/wp-content/uploads/2023/12/20231211_expo_resurgir-23-uai-445x445.jpg,https://idpc.gov.co/sanjuandedios/voluntad-anticipada
https://idpc.gov.co/sanjuandedios/wp-content/uploads/2023/12/20231211_expo_resurgir-24-uai-445x445.jpg,https://idpc.gov.co/sanjuandedios/voluntad-anticipada
https://idpc.gov.co/sanjuandedios/wp-content/uploads/2023/12/20231211_expo_resurgir-26.jpg,https://idpc.gov.co/sanjuandedios/voluntad-anticipada
https://idpc.gov.co/sanjuandedios/wp-content/uploads/2023/12/20231211_expo_resurgir-25.jpg,https://idpc.gov.co/sanjuandedios/voluntad-anticipada
https://idpc.gov.co/sanjuandedios/wp-content/uploads/2023/12/20231211_expo_resurgir-27-uai-445x445.jpg,https://idpc.gov.co/sanjuandedios/voluntad-anticipada
https://idpc.gov.co/sanjuandedios/wp-content/uploads/2023/12/20231211_expo_resurgir-21-uai-445x445.jpg,https://idpc.gov.co/sanjuandedios/voluntad-anticipada
https://idpc.gov.co/sanjuandedios/wp-content/uploads/2023/12/20231211_expo_resurgir-25-uai-445x445.jpg,https://idpc.gov.co/sanjuandedios/voluntad-anticipada
https://idpc.gov.co/sanjuandedios/wp-content/uploads/2023/12/20231211_expo_resurgir-24.jpg,https://idpc.gov.co/sanjuandedios/voluntad-anticipada
https://idpc.gov.co/sanjuandedios/wp-content/uploads/2023/12/20231211_expo_resurgir-22.jpg,https://idpc.gov.co/sanjuandedios/voluntad-anticipada
https://idpc.gov.co/sanjuandedios/wp-content/uploads/2023/12/20231211_expo_resurgir-27.jpg,https://idpc.gov.co/sanjuandedios/voluntad-anticipada
https://idpc.gov.co/sanjuandedios/wp-content/uploads/2023/12/20231211_expo_resurgir-84-150x150.jpg,https://idpc.gov.co/sanjuandedios/voluntad-anticipada
https://idpc.gov.co/sanjuandedios/wp-content/uploads/2023/12/20231211_expo_resurgir-28-uai-445x445.jpg,https://idpc.gov.co/sanjuandedios/voluntad-anticipada
https://idpc.gov.co/sanjuandedios/wp-content/uploads/2023/12/20231211_expo_resurgir-21.jpg,https://idpc.gov.co/sanjuandedios/voluntad-anticipada
https://idpc.gov.co/sanjuandedios/wp-content/uploads/2023/12/20231211_expo_resurgir-28.jpg,https://idpc.gov.co/sanjuandedios/voluntad-anticipada
https://idpc.gov.co/sanjuandedios/wp-content/uploads/2023/12/20231211_expo_resurgir-22-uai-445x445.jpg,https://idpc.gov.co/sanjuandedios/voluntad-anticipada
https://idpc.gov.co/sanjuandedios/wp-content/uploads/2023/12/20231211_expo_resurgir-82-uai-445x445.jpg,https://idpc.gov.co/sanjuandedios/estratigrafia
https://idpc.gov.co/sanjuandedios/wp-content/uploads/2023/12/20231211_expo_resurgir-77.jpg,https://idpc.gov.co/sanjuandedios/estratigrafia
https://idpc.gov.co/sanjuandedios/wp-content/uploads/2023/12/20231211_expo_resurgir-83-uai-445x445.jpg,https://idpc.gov.co/sanjuandedios/estratigrafia
https://idpc.gov.co/sanjuandedios/wp-content/uploads/2023/12/20231211_expo_resurgir-53.jpg,https://idpc.gov.co/sanjuandedios/estratigrafia
https://idpc.gov.co/sanjuandedios/wp-content/uploads/2023/12/20231211_expo_resurgir-54-uai-445x445.jpg,https://idpc.gov.co/sanjuandedios/estratigrafia
https://idpc.gov.co/sanjuandedios/wp-content/uploads/2023/12/20231211_expo_resurgir-60-uai-667x667.jpg,https://idpc.gov.co/sanjuandedios/estratigrafia
https://idpc.gov.co/sanjuandedios/wp-content/uploads/2023/12/20231211_expo_resurgir-77-uai-445x445.jpg,https://idpc.gov.co/sanjuandedios/estratigrafia
https://idpc.gov.co/sanjuandedios/wp-content/uploads/2023/12/20231211_expo_resurgir-48.jpg,https://idpc.gov.co/sanjuandedios/estratigrafia
https://idpc.gov.co/sanjuandedios/wp-content/uploads/2023/12/20231211_expo_resurgir-58.jpg,https://idpc.gov.co/sanjuandedios/estratigrafia
https://idpc.gov.co/sanjuandedios/wp-content/uploads/2023/12/20231211_expo_resurgir-62-uai-445x445.jpg,https://idpc.gov.co/sanjuandedios/estratigrafia
https://idpc.gov.co/sanjuandedios/wp-content/uploads/2023/12/20231211_expo_resurgir-46.jpg,https://idpc.gov.co/sanjuandedios/estratigrafia
https://idpc.gov.co/sanjuandedios/wp-content/uploads/2023/12/20231211_expo_resurgir-45.jpg,https://idpc.gov.co/sanjuandedios/estratigrafia
https://idpc.gov.co/sanjuandedios/wp-content/uploads/2023/12/20231211_expo_resurgir-51.jpg,https://idpc.gov.co/sanjuandedios/estratigrafia
https://idpc.gov.co/sanjuandedios/wp-content/uploads/2023/12/20231211_expo_resurgir-40.jpg,https://idpc.gov.co/sanjuandedios/estratigrafia
https://idpc.gov.co/sanjuandedios/wp-content/uploads/2023/12/20231211_expo_resurgir-72.jpg,https://idpc.gov.co/sanjuandedios/estratigrafia
https://idpc.gov.co/sanjuandedios/wp-content/uploads/2023/12/20231211_expo_resurgir-42-uai-667x667.jpg,https://idpc.gov.co/sanjuandedios/estratigrafia
https://idpc.gov.co/sanjuandedios/wp-content/uploads/2023/12/20231211_expo_resurgir-39.jpg,https://idpc.gov.co/sanjuandedios/estratigrafia
https://idpc.gov.co/sanjuandedios/wp-content/uploads/2023/12/20231211_expo_resurgir-55.jpg,https://idpc.gov.co/sanjuandedios/estratigrafia
https://idpc.gov.co/sanjuandedios/wp-content/uploads/2023/12/DiarioDelSanJuan-150x150.jpg,https://idpc.gov.co/sanjuandedios/estratigrafia
https://idpc.gov.co/sanjuandedios/wp-content/uploads/2023/12/20231211_expo_resurgir-85.jpg,https://idpc.gov.co/sanjuandedios/estratigrafia
https://idpc.gov.co/sanjuandedios/wp-content/uploads/2023/12/20231211_expo_resurgir-43.jpg,https://idpc.gov.co/sanjuandedios/estratigrafia
https://idpc.gov.co/sanjuandedios/wp-content/uploads/2023/12/20231211_expo_resurgir-61.jpg,https://idpc.gov.co/sanjuandedios/estratigrafia
https://idpc.gov.co/sanjuandedios/wp-content/uploads/2023/12/20231211_expo_resurgir-68-uai-445x445.jpg,https://idpc.gov.co/sanjuandedios/estratigrafia
https://idpc.gov.co/sanjuandedios/wp-content/uploads/2023/12/20231211_expo_resurgir-71.jpg,https://idpc.gov.co/sanjuandedios/estratigrafia
https://idpc.gov.co/sanjuandedios/wp-content/uploads/2023/12/20231211_expo_resurgir-52-uai-667x667.jpg,https://idpc.gov.co/sanjuandedios/estratigrafia
https://idpc.gov.co/sanjuandedios/wp-content/uploads/2023/12/20231211_expo_resurgir-49-uai-667x667.jpg,https://idpc.gov.co/sanjuandedios/estratigrafia
https://idpc.gov.co/sanjuandedios/wp-content/uploads/2023/12/20231211_expo_resurgir-56.jpg,https://idpc.gov.co/sanjuandedios/estratigrafia
https://idpc.gov.co/sanjuandedios/wp-content/uploads/2023/12/20231211_expo_resurgir-74-uai-667x667.jpg,https://idpc.gov.co/sanjuandedios/estratigrafia
https://idpc.gov.co/sanjuandedios/wp-content/uploads/2023/12/20231211_expo_resurgir-69.jpg,https://idpc.gov.co/sanjuandedios/estratigrafia
https://idpc.gov.co/sanjuandedios/wp-content/uploads/2023/12/20231211_expo_resurgir-62.jpg,https://idpc.gov.co/sanjuandedios/estratigrafia
https://idpc.gov.co/sanjuandedios/wp-content/uploads/2023/12/20231211_expo_resurgir-83.jpg,https://idpc.gov.co/sanjuandedios/estratigrafia
https://idpc.gov.co/sanjuandedios/wp-content/uploads/2023/12/20231211_expo_resurgir-57.jpg,https://idpc.gov.co/sanjuandedios/estratigrafia
https://idpc.gov.co/sanjuandedios/wp-content/uploads/2023/12/20231211_expo_resurgir-84-uai-667x667.jpg,https://idpc.gov.co/sanjuandedios/estratigrafia
https://idpc.gov.co/sanjuandedios/wp-content/uploads/2023/12/20231211_expo_resurgir-79-uai-445x445.jpg,https://idpc.gov.co/sanjuandedios/estratigrafia
https://idpc.gov.co/sanjuandedios/wp-content/uploads/2023/12/20231211_expo_resurgir-72-uai-667x667.jpg,https://idpc.gov.co/sanjuandedios/estratigrafia
https://idpc.gov.co/sanjuandedios/wp-content/uploads/2023/12/20231211_expo_resurgir-44.jpg,https://idpc.gov.co/sanjuandedios/estratigrafia
https://idpc.gov.co/sanjuandedios/wp-content/uploads/2023/12/20231211_expo_resurgir-82.jpg,https://idpc.gov.co/sanjuandedios/estratigrafia
https://idpc.gov.co/sanjuandedios/wp-content/uploads/2023/12/20231211_expo_resurgir-60.jpg,https://idpc.gov.co/sanjuandedios/estratigrafia
https://idpc.gov.co/sanjuandedios/wp-content/uploads/2023/12/20231211_expo_resurgir-39-uai-667x667.jpg,https://idpc.gov.co/sanjuandedios/estratigrafia
https://idpc.gov.co/sanjuandedios/wp-content/uploads/2023/12/20231211_expo_resurgir-41.jpg,https://idpc.gov.co/sanjuandedios/estratigrafia
https://idpc.gov.co/sanjuandedios/wp-content/uploads/2023/12/20231211_expo_resurgir-76-uai-445x445.jpg,https://idpc.gov.co/sanjuandedios/estratigrafia
https://idpc.gov.co/sanjuandedios/wp-content/uploads/2023/12/20231211_expo_resurgir-71-uai-667x667.jpg,https://idpc.gov.co/sanjuandedios/estratigrafia
https://idpc.gov.co/sanjuandedios/wp-content/uploads/2023/12/20231211_expo_resurgir-65.jpg,https://idpc.gov.co/sanjuandedios/estratigrafia
https://idpc.gov.co/sanjuandedios/wp-content/uploads/2023/12/20231211_expo_resurgir-70.jpg,https://idpc.gov.co/sanjuandedios/estratigrafia
https://idpc.gov.co/sanjuandedios/wp-content/uploads/2023/12/20231211_expo_resurgir-65-uai-667x667.jpg,https://idpc.gov.co/sanjuandedios/estratigrafia
https://idpc.gov.co/sanjuandedios/wp-content/uploads/2023/12/20231211_expo_resurgir-67.jpg,https://idpc.gov.co/sanjuandedios/estratigrafia
https://idpc.gov.co/sanjuandedios/wp-content/uploads/2023/12/20231211_expo_resurgir-49.jpg,https://idpc.gov.co/sanjuandedios/estratigrafia
https://idpc.gov.co/sanjuandedios/wp-content/uploads/2023/12/20231211_expo_resurgir-50-uai-667x667.jpg,https://idpc.gov.co/sanjuandedios/estratigrafia
https://idpc.gov.co/sanjuandedios/wp-content/uploads/2023/12/20231211_expo_resurgir-85-uai-667x667.jpg,https://idpc.gov.co/sanjuandedios/estratigrafia
https://idpc.gov.co/sanjuandedios/wp-content/uploads/2023/12/20231211_expo_resurgir-41-uai-667x667.jpg,https://idpc.gov.co/sanjuandedios/estratigrafia
https://idpc.gov.co/sanjuandedios/wp-content/uploads/2023/12/20231211_expo_resurgir-81-1-uai-445x445.jpg,https://idpc.gov.co/sanjuandedios/estratigrafia
https://idpc.gov.co/sanjuandedios/wp-content/uploads/2023/12/20231211_expo_resurgir-46-uai-445x445.jpg,https://idpc.gov.co/sanjuandedios/estratigrafia
https://idpc.gov.co/sanjuandedios/wp-content/uploads/2023/12/20231211_expo_resurgir-40-uai-667x667.jpg,https://idpc.gov.co/sanjuandedios/estratigrafia
https://idpc.gov.co/sanjuandedios/wp-content/uploads/2023/12/20231211_expo_resurgir-54.jpg,https://idpc.gov.co/sanjuandedios/estratigrafia
https://idpc.gov.co/sanjuandedios/wp-content/uploads/2023/12/20231211_expo_resurgir-78.jpg,https://idpc.gov.co/sanjuandedios/estratigrafia
https://idpc.gov.co/sanjuandedios/wp-content/uploads/2023/12/20231211_expo_resurgir-79.jpg,https://idpc.gov.co/sanjuandedios/estratigrafia
https://idpc.gov.co/sanjuandedios/wp-content/uploads/2023/12/20231211_expo_resurgir-48-uai-445x445.jpg,https://idpc.gov.co/sanjuandedios/estratigrafia
https://idpc.gov.co/sanjuandedios/wp-content/uploads/2023/12/20231211_expo_resurgir-63.jpg,https://idpc.gov.co/sanjuandedios/estratigrafia
https://idpc.gov.co/sanjuandedios/wp-content/uploads/2023/12/20231211_expo_resurgir-50.jpg,https://idpc.gov.co/sanjuandedios/estratigrafia
https://idpc.gov.co/sanjuandedios/wp-content/uploads/2023/12/20231211_expo_resurgir-75-uai-445x445.jpg,https://idpc.gov.co/sanjuandedios/estratigrafia
https://idpc.gov.co/sanjuandedios/wp-content/uploads/2023/12/20231211_expo_resurgir-81.jpg,https://idpc.gov.co/sanjuandedios/estratigrafia
https://idpc.gov.co/sanjuandedios/wp-content/uploads/2023/12/20231211_expo_resurgir-81-1.jpg,https://idpc.gov.co/sanjuandedios/estratigrafia
https://idpc.gov.co/sanjuandedios/wp-content/uploads/2023/12/20231211_expo_resurgir-61-uai-667x667.jpg,https://idpc.gov.co/sanjuandedios/estratigrafia
https://idpc.gov.co/sanjuandedios/wp-content/uploads/2023/12/20231211_expo_resurgir-78-uai-667x667.jpg,https://idpc.gov.co/sanjuandedios/estratigrafia
https://idpc.gov.co/sanjuandedios/wp-content/uploads/2023/12/20231211_expo_resurgir-58-uai-667x667.jpg,https://idpc.gov.co/sanjuandedios/estratigrafia
https://idpc.gov.co/sanjuandedios/wp-content/uploads/2023/12/20231211_expo_resurgir-59.jpg,https://idpc.gov.co/sanjuandedios/estratigrafia
https://idpc.gov.co/sanjuandedios/wp-content/uploads/2023/12/20231211_expo_resurgir-52.jpg,https://idpc.gov.co/sanjuandedios/estratigrafia
https://idpc.gov.co/sanjuandedios/wp-content/uploads/2023/12/20231211_expo_resurgir-47-uai-445x445.jpg,https://idpc.gov.co/sanjuandedios/estratigrafia
https://idpc.gov.co/sanjuandedios/wp-content/uploads/2023/12/20231211_expo_resurgir-74.jpg,https://idpc.gov.co/sanjuandedios/estratigrafia
https://idpc.gov.co/sanjuandedios/wp-content/uploads/2023/12/20231211_expo_resurgir-66-uai-667x667.jpg,https://idpc.gov.co/sanjuandedios/estratigrafia
https://idpc.gov.co/sanjuandedios/wp-content/uploads/2023/12/20231211_expo_resurgir-66.jpg,https://idpc.gov.co/sanjuandedios/estratigrafia
https://idpc.gov.co/sanjuandedios/wp-content/uploads/2023/12/20231211_expo_resurgir-81-uai-445x445.jpg,https://idpc.gov.co/sanjuandedios/estratigrafia
https://idpc.gov.co/sanjuandedios/wp-content/uploads/2023/12/20231211_expo_resurgir-73.jpg,https://idpc.gov.co/sanjuandedios/estratigrafia
https://idpc.gov.co/sanjuandedios/wp-content/uploads/2023/12/20231211_expo_resurgir-51-uai-445x445.jpg,https://idpc.gov.co/sanjuandedios/estratigrafia
https://idpc.gov.co/sanjuandedios/wp-content/uploads/2023/12/20231211_expo_resurgir-43-uai-445x445.jpg,https://idpc.gov.co/sanjuandedios/estratigrafia
https://idpc.gov.co/sanjuandedios/wp-content/uploads/2023/12/20231211_expo_resurgir-76.jpg,https://idpc.gov.co/sanjuandedios/estratigrafia
https://idpc.gov.co/sanjuandedios/wp-content/uploads/2023/12/20231211_expo_resurgir-53-uai-445x445.jpg,https://idpc.gov.co/sanjuandedios/estratigrafia
https://idpc.gov.co/sanjuandedios/wp-content/uploads/2023/12/20231211_expo_resurgir-67-uai-445x445.jpg,https://idpc.gov.co/sanjuandedios/estratigrafia
https://idpc.gov.co/sanjuandedios/wp-content/uploads/2023/12/20231211_expo_resurgir-57-uai-445x445.jpg,https://idpc.gov.co/sanjuandedios/estratigrafia
https://idpc.gov.co/sanjuandedios/wp-content/uploads/2023/12/20231211_expo_resurgir-80-uai-445x445.jpg,https://idpc.gov.co/sanjuandedios/estratigrafia
https://idpc.gov.co/sanjuandedios/wp-content/uploads/2023/12/20231211_expo_resurgir-55-uai-445x445.jpg,https://idpc.gov.co/sanjuandedios/estratigrafia
https://idpc.gov.co/sanjuandedios/wp-content/uploads/2023/12/20231211_expo_resurgir-44-uai-667x667.jpg,https://idpc.gov.co/sanjuandedios/estratigrafia
https://idpc.gov.co/sanjuandedios/wp-content/uploads/2023/12/20231211_expo_resurgir-59-uai-667x667.jpg,https://idpc.gov.co/sanjuandedios/estratigrafia
https://idpc.gov.co/sanjuandedios/wp-content/uploads/2023/12/20231211_expo_resurgir-63-uai-445x445.jpg,https://idpc.gov.co/sanjuandedios/estratigrafia
https://idpc.gov.co/sanjuandedios/wp-content/uploads/2023/12/20231211_expo_resurgir-69-uai-445x445.jpg,https://idpc.gov.co/sanjuandedios/estratigrafia
https://idpc.gov.co/sanjuandedios/wp-content/uploads/2023/12/20231211_expo_resurgir-68.jpg,https://idpc.gov.co/sanjuandedios/estratigrafia
https://idpc.gov.co/sanjuandedios/wp-content/uploads/2023/12/20231211_expo_resurgir-73-uai-667x667.jpg,https://idpc.gov.co/sanjuandedios/estratigrafia
https://idpc.gov.co/sanjuandedios/wp-content/uploads/2023/12/20231211_expo_resurgir-64-uai-667x667.jpg,https://idpc.gov.co/sanjuandedios/estratigrafia
https://idpc.gov.co/sanjuandedios/wp-content/uploads/2023/12/20231211_expo_resurgir-64.jpg,https://idpc.gov.co/sanjuandedios/estratigrafia
https://idpc.gov.co/sanjuandedios/wp-content/uploads/2023/12/20231211_expo_resurgir-70-uai-667x667.jpg,https://idpc.gov.co/sanjuandedios/estratigrafia
https://idpc.gov.co/sanjuandedios/wp-content/uploads/2023/12/20231211_expo_resurgir-56-uai-667x667.jpg,https://idpc.gov.co/sanjuandedios/estratigrafia
https://idpc.gov.co/sanjuandedios/wp-content/uploads/2023/12/20231211_expo_resurgir-75.jpg,https://idpc.gov.co/sanjuandedios/estratigrafia
https://idpc.gov.co/sanjuandedios/wp-content/uploads/2023/12/20231211_expo_resurgir-45-uai-445x445.jpg,https://idpc.gov.co/sanjuandedios/estratigrafia
https://idpc.gov.co/sanjuandedios/wp-content/uploads/2023/12/20231211_expo_resurgir-42.jpg,https://idpc.gov.co/sanjuandedios/estratigrafia
https://idpc.gov.co/sanjuandedios/wp-content/uploads/2023/12/20231211_expo_resurgir-80.jpg,https://idpc.gov.co/sanjuandedios/estratigrafia
https://idpc.gov.co/sanjuandedios/wp-content/uploads/2023/12/20231211_expo_resurgir-47.jpg,https://idpc.gov.co/sanjuandedios/estratigrafia
https://idpc.gov.co/sanjuandedios/wp-content/uploads/2022/11/herbario2.webp,https://idpc.gov.co/sanjuandedios/archivo-chsjd
https://idpc.gov.co/sanjuandedios/wp-content/uploads/2022/11/agotado_en_estado_de_coma_idpc.webp,https://idpc.gov.co/sanjuandedios/archivo-chsjd
https://idpc.gov.co/sanjuandedios/wp-content/uploads/2022/11/ArchivoElEspectador-uai-2328x1552.webp,https://idpc.gov.co/sanjuandedios/archivo-chsjd
https://idpc.gov.co/sanjuandedios/wp-content/uploads/2022/12/TeresaDiaz.jpg,https://idpc.gov.co/sanjuandedios/en-el-corazon-del-san-juan-de-dios
https://idpc.gov.co/sanjuandedios/wp-content/uploads/2022/11/SanJorge.png,https://idpc.gov.co/sanjuandedios/en-el-corazon-del-san-juan-de-dios
https://idpc.gov.co/sanjuandedios/wp-content/uploads/2022/12/Captura-de-Pantalla-2022-09-28-a-las-11.44.54-a.-m_galeria-uai-1197x798.jpg,https://idpc.gov.co/sanjuandedios/en-el-corazon-del-san-juan-de-dios
https://idpc.gov.co/sanjuandedios/wp-content/uploads/2022/12/Mantenimiento_Captura-de-Pantalla-2022-09-28-a-las-11.11.56-a.-m_galeria.jpg,https://idpc.gov.co/sanjuandedios/en-el-corazon-del-san-juan-de-dios
https://idpc.gov.co/sanjuandedios/wp-content/uploads/2022/12/08CrisisSeTomoElSanJuanDeDios.jpg,https://idpc.gov.co/sanjuandedios/en-el-corazon-del-san-juan-de-dios
https://idpc.gov.co/sanjuandedios/wp-content/uploads/2022/12/RT_BarrioSanBernardo_Screen-Shot-2022-10-19-at-6.13.16galeria.jpg,https://idpc.gov.co/sanjuandedios/en-el-corazon-del-san-juan-de-dios
https://idpc.gov.co/sanjuandedios/wp-content/uploads/2022/12/02.5ProtestasEnLosHospitalesSJDyMaterno.jpg,https://idpc.gov.co/sanjuandedios/en-el-corazon-del-san-juan-de-dios
https://idpc.gov.co/sanjuandedios/wp-content/uploads/2022/12/TorreCentral_DSC_9596galeria.jpg,https://idpc.gov.co/sanjuandedios/en-el-corazon-del-san-juan-de-dios
https://idpc.gov.co/sanjuandedios/wp-content/uploads/2022/12/SaludMental_DSC_9535galeria-uai-534x356.jpg,https://idpc.gov.co/sanjuandedios/en-el-corazon-del-san-juan-de-dios
https://idpc.gov.co/sanjuandedios/wp-content/uploads/2022/12/SanLucasgaleria.jpg,https://idpc.gov.co/sanjuandedios/en-el-corazon-del-san-juan-de-dios
https://idpc.gov.co/sanjuandedios/wp-content/uploads/2022/12/Captura-de-Pantalla-2022-09-28-a-las-11.03.47-a.-m_galeria.jpg,https://idpc.gov.co/sanjuandedios/en-el-corazon-del-san-juan-de-dios
https://idpc.gov.co/sanjuandedios/wp-content/uploads/2022/12/TorreCentral_DSC_9589galeria.jpg,https://idpc.gov.co/sanjuandedios/en-el-corazon-del-san-juan-de-dios
https://idpc.gov.co/sanjuandedios/wp-content/uploads/2022/12/02ResidentesPidenBecas.jpg,https://idpc.gov.co/sanjuandedios/en-el-corazon-del-san-juan-de-dios
https://idpc.gov.co/sanjuandedios/wp-content/uploads/2022/12/Captura-de-Pantalla-2022-09-28-a-las-11.44.54-a.-m_galeria.jpg,https://idpc.gov.co/sanjuandedios/en-el-corazon-del-san-juan-de-dios
https://idpc.gov.co/sanjuandedios/wp-content/uploads/2022/11/IX-667b.jpg,https://idpc.gov.co/sanjuandedios/en-el-corazon-del-san-juan-de-dios
https://idpc.gov.co/sanjuandedios/wp-content/uploads/2022/12/Carta5-uai-997x664.jpg,https://idpc.gov.co/sanjuandedios/en-el-corazon-del-san-juan-de-dios
https://idpc.gov.co/sanjuandedios/wp-content/uploads/2022/12/RTMaternoInfantil_Screen-Shot-2022-10-19-at-6.15.28galeria-uai-1196x797.jpg,https://idpc.gov.co/sanjuandedios/en-el-corazon-del-san-juan-de-dios
https://idpc.gov.co/sanjuandedios/wp-content/uploads/2022/11/SanLucasInterior.jpg,https://idpc.gov.co/sanjuandedios/en-el-corazon-del-san-juan-de-dios
https://idpc.gov.co/sanjuandedios/wp-content/uploads/2022/11/Administracion.png,https://idpc.gov.co/sanjuandedios/en-el-corazon-del-san-juan-de-dios
https://idpc.gov.co/sanjuandedios/wp-content/uploads/2022/11/Cundifarma.png,https://idpc.gov.co/sanjuandedios/en-el-corazon-del-san-juan-de-dios
https://idpc.gov.co/sanjuandedios/wp-content/uploads/2022/12/MaLuisaCorreayGladys.jpg,https://idpc.gov.co/sanjuandedios/en-el-corazon-del-san-juan-de-dios
https://idpc.gov.co/sanjuandedios/wp-content/uploads/2022/11/MapaPeriodosConstructivos-1-scaled.webp,https://idpc.gov.co/sanjuandedios/en-el-corazon-del-san-juan-de-dios
https://idpc.gov.co/sanjuandedios/wp-content/uploads/2022/12/AlbumAguagaleria-uai-1147x765.jpg,https://idpc.gov.co/sanjuandedios/en-el-corazon-del-san-juan-de-dios
https://idpc.gov.co/sanjuandedios/wp-content/uploads/2022/12/MargaritaCastro1.jpg,https://idpc.gov.co/sanjuandedios/en-el-corazon-del-san-juan-de-dios
https://idpc.gov.co/sanjuandedios/wp-content/uploads/2022/12/AlbumAguagaleria.jpg,https://idpc.gov.co/sanjuandedios/en-el-corazon-del-san-juan-de-dios
https://idpc.gov.co/sanjuandedios/wp-content/uploads/2022/12/Mantenimiento_Captura-de-Pantalla-2022-09-28-a-las-11.11.56-a.-m_galeria-uai-1192x795.jpg,https://idpc.gov.co/sanjuandedios/en-el-corazon-del-san-juan-de-dios
https://idpc.gov.co/sanjuandedios/wp-content/uploads/2022/12/SanLucasgaleria-uai-1198x798.jpg,https://idpc.gov.co/sanjuandedios/en-el-corazon-del-san-juan-de-dios
https://idpc.gov.co/sanjuandedios/wp-content/uploads/2022/12/CARTA1_SJD_1195.jpg,https://idpc.gov.co/sanjuandedios/en-el-corazon-del-san-juan-de-dios
https://idpc.gov.co/sanjuandedios/wp-content/uploads/2022/12/Captura-de-Pantalla-2022-09-28-a-las-11.44.14-a.-m_galeria.jpg,https://idpc.gov.co/sanjuandedios/en-el-corazon-del-san-juan-de-dios
https://idpc.gov.co/sanjuandedios/wp-content/uploads/2022/12/RTMaternoInfantil_Screen-Shot-2022-10-19-at-6.15.00galeria-uai-1194x796.jpg,https://idpc.gov.co/sanjuandedios/en-el-corazon-del-san-juan-de-dios
https://idpc.gov.co/sanjuandedios/wp-content/uploads/2022/11/IMG_20220324_121638.jpg,https://idpc.gov.co/sanjuandedios/en-el-corazon-del-san-juan-de-dios
https://idpc.gov.co/sanjuandedios/wp-content/uploads/2022/12/RT_BarrioSanBernardo_Screen-Shot-2022-10-19-at-6.13.16galeria-uai-1065x710.jpg,https://idpc.gov.co/sanjuandedios/en-el-corazon-del-san-juan-de-dios
https://idpc.gov.co/sanjuandedios/wp-content/uploads/2022/12/saludMental-2galeria.jpg,https://idpc.gov.co/sanjuandedios/en-el-corazon-del-san-juan-de-dios
https://idpc.gov.co/sanjuandedios/wp-content/uploads/2022/12/TorreQuirurgica_Captura-de-Pantalla-2022-09-27-a-las-12.55.22-p.-m_galeria-uai-1196x797.jpg,https://idpc.gov.co/sanjuandedios/en-el-corazon-del-san-juan-de-dios
https://idpc.gov.co/sanjuandedios/wp-content/uploads/2022/12/09Mil600Millones.jpg,https://idpc.gov.co/sanjuandedios/en-el-corazon-del-san-juan-de-dios
https://idpc.gov.co/sanjuandedios/wp-content/uploads/2022/11/1.2SAN-LUCAS-4.jpg,https://idpc.gov.co/sanjuandedios/en-el-corazon-del-san-juan-de-dios
https://idpc.gov.co/sanjuandedios/wp-content/uploads/2022/12/Screenshot-2022-12-10-at-12.16.35-e1670692923352.png,https://idpc.gov.co/sanjuandedios/en-el-corazon-del-san-juan-de-dios
https://idpc.gov.co/sanjuandedios/wp-content/uploads/2022/12/Carta4-uai-1029x686.jpg,https://idpc.gov.co/sanjuandedios/en-el-corazon-del-san-juan-de-dios
https://idpc.gov.co/sanjuandedios/wp-content/uploads/2022/12/01ElSanJuanNoCerraraSusPuertas.jpg,https://idpc.gov.co/sanjuandedios/en-el-corazon-del-san-juan-de-dios
https://idpc.gov.co/sanjuandedios/wp-content/uploads/2022/12/SaludMental_Captura-de-Pantalla-2022-09-28-a-las-10.53.58-a.-m_galeria.jpg,https://idpc.gov.co/sanjuandedios/en-el-corazon-del-san-juan-de-dios
https://idpc.gov.co/sanjuandedios/wp-content/uploads/2022/12/07ElSanJuanDeDiosEstrenaEquipos.jpg,https://idpc.gov.co/sanjuandedios/en-el-corazon-del-san-juan-de-dios
https://idpc.gov.co/sanjuandedios/wp-content/uploads/2022/11/LaboratorioSamper.png,https://idpc.gov.co/sanjuandedios/en-el-corazon-del-san-juan-de-dios
https://idpc.gov.co/sanjuandedios/wp-content/uploads/2022/12/RTMaternoInfantil_Screen-Shot-2022-10-19-at-6.15.00galeria.jpg,https://idpc.gov.co/sanjuandedios/en-el-corazon-del-san-juan-de-dios
https://idpc.gov.co/sanjuandedios/wp-content/uploads/2022/12/SaludMental_Captura-de-Pantalla-2022-09-28-a-las-10.53.58-a.-m_galeria-uai-1197x798.jpg,https://idpc.gov.co/sanjuandedios/en-el-corazon-del-san-juan-de-dios
https://idpc.gov.co/sanjuandedios/wp-content/uploads/2022/12/CundifarmaCaptura-de-Pantalla-2022-09-28-a-las-11.48.25-a.-m_galeria.jpg,https://idpc.gov.co/sanjuandedios/en-el-corazon-del-san-juan-de-dios
https://idpc.gov.co/sanjuandedios/wp-content/uploads/2022/12/MapaBogota_1923.jpg,https://idpc.gov.co/sanjuandedios/en-el-corazon-del-san-juan-de-dios
https://idpc.gov.co/sanjuandedios/wp-content/uploads/2022/12/Captura-de-Pantalla-2022-09-28-a-las-11.47.52-a.-m_galeria.jpg,https://idpc.gov.co/sanjuandedios/en-el-corazon-del-san-juan-de-dios
https://idpc.gov.co/sanjuandedios/wp-content/uploads/2022/12/Carta4.jpg,https://idpc.gov.co/sanjuandedios/en-el-corazon-del-san-juan-de-dios
https://idpc.gov.co/sanjuandedios/wp-content/uploads/2022/12/011LasPacientesEternasDelSanJuan.jpg,https://idpc.gov.co/sanjuandedios/en-el-corazon-del-san-juan-de-dios
https://idpc.gov.co/sanjuandedios/wp-content/uploads/2022/12/Captura-de-Pantalla-2022-09-28-a-las-11.50.02-a.-m_galeria.jpg,https://idpc.gov.co/sanjuandedios/en-el-corazon-del-san-juan-de-dios
https://idpc.gov.co/sanjuandedios/wp-content/uploads/2022/12/CundifarmaCaptura-de-Pantalla-2022-09-28-a-las-11.48.25-a.-m_galeria-uai-531x354.jpg,https://idpc.gov.co/sanjuandedios/en-el-corazon-del-san-juan-de-dios
https://idpc.gov.co/sanjuandedios/wp-content/uploads/2022/11/SanLucas.png,https://idpc.gov.co/sanjuandedios/en-el-corazon-del-san-juan-de-dios
https://idpc.gov.co/sanjuandedios/wp-content/uploads/2022/12/Cundifarma_Captura-de-Pantalla-2022-09-28-a-las-11.47.42-a.-m_galeria.jpg,https://idpc.gov.co/sanjuandedios/en-el-corazon-del-san-juan-de-dios
https://idpc.gov.co/sanjuandedios/wp-content/uploads/2022/12/010EnfermoSinRecuperacion.jpg,https://idpc.gov.co/sanjuandedios/en-el-corazon-del-san-juan-de-dios
https://idpc.gov.co/sanjuandedios/wp-content/uploads/2022/12/06FinalFelizParaResidentes.jpg,https://idpc.gov.co/sanjuandedios/en-el-corazon-del-san-juan-de-dios
https://idpc.gov.co/sanjuandedios/wp-content/uploads/2022/12/05VacunadosContraElEscepticismo.jpg,https://idpc.gov.co/sanjuandedios/en-el-corazon-del-san-juan-de-dios
https://idpc.gov.co/sanjuandedios/wp-content/uploads/2022/12/Captura-de-Pantalla-2022-09-28-a-las-11.47.52-a.-m_galeria-uai-1195x796.jpg,https://idpc.gov.co/sanjuandedios/en-el-corazon-del-san-juan-de-dios
https://idpc.gov.co/sanjuandedios/wp-content/uploads/2022/12/SaluMental_DSC_9558galeria.jpg,https://idpc.gov.co/sanjuandedios/en-el-corazon-del-san-juan-de-dios
https://idpc.gov.co/sanjuandedios/wp-content/uploads/2022/12/Carta5.jpg,https://idpc.gov.co/sanjuandedios/en-el-corazon-del-san-juan-de-dios
https://idpc.gov.co/sanjuandedios/wp-content/uploads/2022/12/saludMental-2galeria-uai-1197x798.jpg,https://idpc.gov.co/sanjuandedios/en-el-corazon-del-san-juan-de-dios
https://idpc.gov.co/sanjuandedios/wp-content/uploads/2022/12/TorreQuirurgica_Captura-de-Pantalla-2022-09-27-a-las-12.59.36-p.-m_galeria.jpg,https://idpc.gov.co/sanjuandedios/en-el-corazon-del-san-juan-de-dios
https://idpc.gov.co/sanjuandedios/wp-content/uploads/2022/11/SanRoque.png,https://idpc.gov.co/sanjuandedios/en-el-corazon-del-san-juan-de-dios
https://idpc.gov.co/sanjuandedios/wp-content/uploads/2022/12/TorreCentral_DSC_9589galeria-uai-1198x798.jpg,https://idpc.gov.co/sanjuandedios/en-el-corazon-del-san-juan-de-dios
https://idpc.gov.co/sanjuandedios/wp-content/uploads/2022/12/RTMaternoInfantil_Screen-Shot-2022-10-19-at-6.15.28galeria.jpg,https://idpc.gov.co/sanjuandedios/en-el-corazon-del-san-juan-de-dios
https://idpc.gov.co/sanjuandedios/wp-content/uploads/2022/12/CARTA3.webp,https://idpc.gov.co/sanjuandedios/en-el-corazon-del-san-juan-de-dios
https://idpc.gov.co/sanjuandedios/wp-content/uploads/2022/11/UnidadSaludMental.png,https://idpc.gov.co/sanjuandedios/en-el-corazon-del-san-juan-de-dios
https://idpc.gov.co/sanjuandedios/wp-content/uploads/2022/12/Captura-de-Pantalla-2022-09-28-a-las-11.03.47-a.-m_galeria-uai-1195x797.jpg,https://idpc.gov.co/sanjuandedios/en-el-corazon-del-san-juan-de-dios
https://idpc.gov.co/sanjuandedios/wp-content/uploads/2022/12/Cundifarma_Captura-de-Pantalla-2022-09-28-a-las-11.47.42-a.-m_galeria-uai-1197x798.jpg,https://idpc.gov.co/sanjuandedios/en-el-corazon-del-san-juan-de-dios
https://idpc.gov.co/sanjuandedios/wp-content/uploads/2022/12/SaludMental_DSC_9535galeria.jpg,https://idpc.gov.co/sanjuandedios/en-el-corazon-del-san-juan-de-dios
https://idpc.gov.co/sanjuandedios/wp-content/uploads/2022/12/03SantaFeDeBogotaSieteHospitalesEnUno.jpg,https://idpc.gov.co/sanjuandedios/en-el-corazon-del-san-juan-de-dios
https://idpc.gov.co/sanjuandedios/wp-content/uploads/2022/12/SaluMental_DSC_9558galeria-uai-1198x798.jpg,https://idpc.gov.co/sanjuandedios/en-el-corazon-del-san-juan-de-dios
https://idpc.gov.co/sanjuandedios/wp-content/uploads/2022/12/SatelitalSJD.jpg,https://idpc.gov.co/sanjuandedios/en-el-corazon-del-san-juan-de-dios
https://idpc.gov.co/sanjuandedios/wp-content/uploads/2022/12/Captura-de-Pantalla-2022-09-28-a-las-11.50.02-a.-m_galeria-uai-1197x798.jpg,https://idpc.gov.co/sanjuandedios/en-el-corazon-del-san-juan-de-dios
https://idpc.gov.co/sanjuandedios/wp-content/uploads/2022/11/EnfermedadesTropicales.png,https://idpc.gov.co/sanjuandedios/en-el-corazon-del-san-juan-de-dios
https://idpc.gov.co/sanjuandedios/wp-content/uploads/2022/12/GabrielRueda_Archivo.jpg,https://idpc.gov.co/sanjuandedios/en-el-corazon-del-san-juan-de-dios
https://idpc.gov.co/sanjuandedios/wp-content/uploads/2022/12/TorreQuirurgica_Captura-de-Pantalla-2022-09-27-a-las-12.55.22-p.-m_galeria.jpg,https://idpc.gov.co/sanjuandedios/en-el-corazon-del-san-juan-de-dios
https://idpc.gov.co/sanjuandedios/wp-content/uploads/2022/11/TorreQuirurgica.png,https://idpc.gov.co/sanjuandedios/en-el-corazon-del-san-juan-de-dios
https://idpc.gov.co/sanjuandedios/wp-content/uploads/2022/12/04TocoFondoLaCrisisEnLaSalud.jpg,https://idpc.gov.co/sanjuandedios/en-el-corazon-del-san-juan-de-dios
https://idpc.gov.co/sanjuandedios/wp-content/uploads/2022/12/CARTA2SJD_1189.jpg,https://idpc.gov.co/sanjuandedios/en-el-corazon-del-san-juan-de-dios
https://idpc.gov.co/sanjuandedios/wp-content/uploads/2022/12/012ElSanJuanDeDiosMurioSinDolientes.jpg,https://idpc.gov.co/sanjuandedios/en-el-corazon-del-san-juan-de-dios
https://idpc.gov.co/sanjuandedios/wp-content/uploads/2022/11/Capilla.png,https://idpc.gov.co/sanjuandedios/en-el-corazon-del-san-juan-de-dios
https://idpc.gov.co/sanjuandedios/wp-content/uploads/2022/12/Mantenimiento.jpg,https://idpc.gov.co/sanjuandedios/en-el-corazon-del-san-juan-de-dios
https://idpc.gov.co/sanjuandedios/wp-content/uploads/2022/12/TorreCentral_DSC_9596galeria-uai-1198x798.jpg,https://idpc.gov.co/sanjuandedios/en-el-corazon-del-san-juan-de-dios
https://idpc.gov.co/sanjuandedios/wp-content/uploads/2023/12/Cartel_DSC3092-uai-667x667.jpg,https://idpc.gov.co/sanjuandedios/archivo-y-publicaciones-gral
https://idpc.gov.co/sanjuandedios/wp-content/uploads/2023/12/Publicaciones-uai-900x900.png,https://idpc.gov.co/sanjuandedios/archivo-y-publicaciones-gral
https://idpc.gov.co/sanjuandedios/wp-content/uploads/2023/12/0001_220927_edif_san_lucas_72-1-uai-882x588.jpg,https://idpc.gov.co/sanjuandedios/contexto-y-ruta
https://idpc.gov.co/sanjuandedios/wp-content/uploads/2023/12/0001_Cundifarma-Escultura-00-uai-882x588.jpg,https://idpc.gov.co/sanjuandedios/contexto-y-ruta
https://idpc.gov.co/sanjuandedios/wp-content/uploads/2023/12/0004_220927_efif_carrion_91-1-uai-882x588.jpg,https://idpc.gov.co/sanjuandedios/contexto-y-ruta
https://idpc.gov.co/sanjuandedios/wp-content/uploads/2023/12/foto1_Contexto.jpg,https://idpc.gov.co/sanjuandedios/contexto-y-ruta
https://idpc.gov.co/sanjuandedios/wp-content/uploads/2023/12/0005_220928_edif_enfermedades_tropicales_22-1-uai-882x588.jpg,https://idpc.gov.co/sanjuandedios/contexto-y-ruta
https://idpc.gov.co/sanjuandedios/wp-content/uploads/2023/12/0005_San-Roque-01-uai-882x588.jpg,https://idpc.gov.co/sanjuandedios/contexto-y-ruta
https://idpc.gov.co/sanjuandedios/wp-content/uploads/2023/12/0004_San-Jorge-11-uai-882x588.jpg,https://idpc.gov.co/sanjuandedios/contexto-y-ruta
https://idpc.gov.co/sanjuandedios/wp-content/uploads/2023/12/0002_Salud-mental-uai-882x588.jpg,https://idpc.gov.co/sanjuandedios/contexto-y-ruta
https://idpc.gov.co/sanjuandedios/wp-content/uploads/2023/12/0000_220927_edif_san_eduardo_48-1-uai-882x588.jpg,https://idpc.gov.co/sanjuandedios/contexto-y-ruta
https://idpc.gov.co/sanjuandedios/wp-content/uploads/2023/12/0003_220928_edif_paulina_ponce_72-1-uai-882x588.jpg,https://idpc.gov.co/sanjuandedios/contexto-y-ruta
https://idpc.gov.co/sanjuandedios/wp-content/uploads/2023/12/0003_Capilla-01-uai-882x588.jpg,https://idpc.gov.co/sanjuandedios/contexto-y-ruta
https://idpc.gov.co/sanjuandedios/wp-content/uploads/2023/12/IDPC-EG_0000s_0006_7-uai-1188x792.jpg,https://idpc.gov.co/sanjuandedios/idpc-ente-gestor-transitorio
https://idpc.gov.co/sanjuandedios/wp-content/uploads/2023/12/IDPC-EG_0000s_0006_7.jpg,https://idpc.gov.co/sanjuandedios/idpc-ente-gestor-transitorio
https://idpc.gov.co/sanjuandedios/wp-content/uploads/2023/12/IDPC-EG_0000s_0003_4-uai-1192x794.jpg,https://idpc.gov.co/sanjuandedios/idpc-ente-gestor-transitorio
https://idpc.gov.co/sanjuandedios/wp-content/uploads/2023/12/IDPC-EG_0000s_0007_8.jpg,https://idpc.gov.co/sanjuandedios/idpc-ente-gestor-transitorio
https://idpc.gov.co/sanjuandedios/wp-content/uploads/2023/12/IDPC-EG_0000s_0003_4.jpg,https://idpc.gov.co/sanjuandedios/idpc-ente-gestor-transitorio
https://idpc.gov.co/sanjuandedios/wp-content/uploads/2023/12/IDPC-EG_0000s_0001_2-uai-1059x706.jpg,https://idpc.gov.co/sanjuandedios/idpc-ente-gestor-transitorio
https://idpc.gov.co/sanjuandedios/wp-content/uploads/2023/12/IDPC-EG_0000s_0007_8-uai-1188x792.jpg,https://idpc.gov.co/sanjuandedios/idpc-ente-gestor-transitorio
https://idpc.gov.co/sanjuandedios/wp-content/uploads/2023/12/IDPC-EG_0000s_0005_6-uai-1192x794.jpg,https://idpc.gov.co/sanjuandedios/idpc-ente-gestor-transitorio
https://idpc.gov.co/sanjuandedios/wp-content/uploads/2023/12/IDPC-EG_0000s_0004_5.jpg,https://idpc.gov.co/sanjuandedios/idpc-ente-gestor-transitorio
https://idpc.gov.co/sanjuandedios/wp-content/uploads/2023/12/IDPC-EG_0000s_0002_3-uai-1192x794.jpg,https://idpc.gov.co/sanjuandedios/idpc-ente-gestor-transitorio
https://idpc.gov.co/sanjuandedios/wp-content/uploads/2023/12/IDPC-EG_0000s_0001_2.jpg,https://idpc.gov.co/sanjuandedios/idpc-ente-gestor-transitorio
https://idpc.gov.co/sanjuandedios/wp-content/uploads/2023/12/IDPC-EG_0000s_0004_5-uai-1188x792.jpg,https://idpc.gov.co/sanjuandedios/idpc-ente-gestor-transitorio
https://idpc.gov.co/sanjuandedios/wp-content/uploads/2023/12/IDPC-EG_0000s_0000_1.jpg,https://idpc.gov.co/sanjuandedios/idpc-ente-gestor-transitorio
https://idpc.gov.co/sanjuandedios/wp-content/uploads/2023/12/IDPC-EG_0000s_0002_3.jpg,https://idpc.gov.co/sanjuandedios/idpc-ente-gestor-transitorio
https://idpc.gov.co/sanjuandedios/wp-content/uploads/2023/12/IDPC-EG_0000s_0005_6.jpg,https://idpc.gov.co/sanjuandedios/idpc-ente-gestor-transitorio
https://idpc.gov.co/sanjuandedios/wp-content/uploads/2023/12/20230921_recrr_med_UNAL-14.jpg,https://idpc.gov.co/sanjuandedios/estrategia-de-reconocimiento-y-activacion-social
https://idpc.gov.co/sanjuandedios/wp-content/uploads/2023/12/20230924_recrr_ciudadania-14-1.jpg,https://idpc.gov.co/sanjuandedios/estrategia-de-reconocimiento-y-activacion-social
https://idpc.gov.co/sanjuandedios/wp-content/uploads/2023/12/20230924_recrr_ciudadania-14-1-uai-800x800.jpg,https://idpc.gov.co/sanjuandedios/estrategia-de-reconocimiento-y-activacion-social
https://idpc.gov.co/sanjuandedios/wp-content/uploads/2023/12/20230924_recrr_ciudadania-34-1.jpg,https://idpc.gov.co/sanjuandedios/estrategia-de-reconocimiento-y-activacion-social
https://idpc.gov.co/sanjuandedios/wp-content/uploads/2023/12/20230915_lab_fanzine-57-uai-889x667.jpg,https://idpc.gov.co/sanjuandedios/estrategia-de-reconocimiento-y-activacion-social
https://idpc.gov.co/sanjuandedios/wp-content/uploads/2023/12/0000s_0007_20230924_recrr_ciudadania-20-uai-1066x800.jpg,https://idpc.gov.co/sanjuandedios/estrategia-de-reconocimiento-y-activacion-social
https://idpc.gov.co/sanjuandedios/wp-content/uploads/2023/12/20230802_recrr_ud_-38-uai-800x800.jpg,https://idpc.gov.co/sanjuandedios/estrategia-de-reconocimiento-y-activacion-social
https://idpc.gov.co/sanjuandedios/wp-content/uploads/2023/12/20230924_recrr_ciudadania-24.jpg,https://idpc.gov.co/sanjuandedios/estrategia-de-reconocimiento-y-activacion-social
https://idpc.gov.co/sanjuandedios/wp-content/uploads/2023/12/AccionConmemorativa-uai-889x667.jpg,https://idpc.gov.co/sanjuandedios/estrategia-de-reconocimiento-y-activacion-social
https://idpc.gov.co/sanjuandedios/wp-content/uploads/2023/12/20230916_recrr_med_exalumUNAL-47.jpg,https://idpc.gov.co/sanjuandedios/estrategia-de-reconocimiento-y-activacion-social
https://idpc.gov.co/sanjuandedios/wp-content/uploads/2023/12/20230802_recrr_ud_-38.jpg,https://idpc.gov.co/sanjuandedios/estrategia-de-reconocimiento-y-activacion-social
https://idpc.gov.co/sanjuandedios/wp-content/uploads/2023/12/20230924_recrr_ciudadania-24-uai-800x800.jpg,https://idpc.gov.co/sanjuandedios/estrategia-de-reconocimiento-y-activacion-social
https://idpc.gov.co/sanjuandedios/wp-content/uploads/2023/12/20230916_recrr_med_exalumUNAL-47-uai-1066x800.jpg,https://idpc.gov.co/sanjuandedios/estrategia-de-reconocimiento-y-activacion-social
https://idpc.gov.co/sanjuandedios/wp-content/uploads/2023/12/0000s_0007_20230924_recrr_ciudadania-20.jpg,https://idpc.gov.co/sanjuandedios/estrategia-de-reconocimiento-y-activacion-social
https://idpc.gov.co/sanjuandedios/wp-content/uploads/2023/12/20230921_recrr_med_UNAL-14-uai-1066x800.jpg,https://idpc.gov.co/sanjuandedios/estrategia-de-reconocimiento-y-activacion-social
https://idpc.gov.co/sanjuandedios/wp-content/uploads/2023/12/20230902_lab_conmemorativa-40-uai-800x800.jpg,https://idpc.gov.co/sanjuandedios/estrategia-de-reconocimiento-y-activacion-social
https://idpc.gov.co/sanjuandedios/wp-content/uploads/2023/12/20230902_lab_conmemorativa-40.jpg,https://idpc.gov.co/sanjuandedios/estrategia-de-reconocimiento-y-activacion-social
https://idpc.gov.co/sanjuandedios/wp-content/uploads/2023/12/20230924_recrr_ciudadania-34-1-uai-1066x800.jpg,https://idpc.gov.co/sanjuandedios/estrategia-de-reconocimiento-y-activacion-social
https://idpc.gov.co/sanjuandedios/wp-content/uploads/2023/12/Foto_Construccion_Siberia.jpg,https://idpc.gov.co/sanjuandedios/edificio-siberia-cocinas-y-comedores
https://idpc.gov.co/sanjuandedios/wp-content/uploads/2023/12/Siberia-6-uai-1920x1280.jpg,https://idpc.gov.co/sanjuandedios/edificio-siberia-cocinas-y-comedores
https://idpc.gov.co/sanjuandedios/wp-content/uploads/2023/12/Siberia_Hoy.jpg,https://idpc.gov.co/sanjuandedios/edificio-siberia-cocinas-y-comedores
https://idpc.gov.co/sanjuandedios/wp-content/uploads/2023/12/Siberia-4.jpg,https://idpc.gov.co/sanjuandedios/edificio-siberia-cocinas-y-comedores
https://idpc.gov.co/sanjuandedios/wp-content/uploads/2023/12/Siberia-1.jpg,https://idpc.gov.co/sanjuandedios/edificio-siberia-cocinas-y-comedores
https://idpc.gov.co/sanjuandedios/wp-content/uploads/2023/12/Siberia_Despues.jpg,https://idpc.gov.co/sanjuandedios/edificio-siberia-cocinas-y-comedores
https://idpc.gov.co/sanjuandedios/wp-content/uploads/2023/12/Siberia-5-uai-1920x1280.jpg,https://idpc.gov.co/sanjuandedios/edificio-siberia-cocinas-y-comedores
https://idpc.gov.co/sanjuandedios/wp-content/uploads/2023/12/Siberia-3.jpg,https://idpc.gov.co/sanjuandedios/edificio-siberia-cocinas-y-comedores
https://idpc.gov.co/sanjuandedios/wp-content/uploads/2023/12/Mantenimiento_Despues.jpg,https://idpc.gov.co/sanjuandedios/edificio-de-mantenimiento-lavanderia-y-mecanica
https://idpc.gov.co/sanjuandedios/wp-content/uploads/2023/12/AerografiaMantenimiento-uai-864x576.jpg,https://idpc.gov.co/sanjuandedios/edificio-de-mantenimiento-lavanderia-y-mecanica
https://idpc.gov.co/sanjuandedios/wp-content/uploads/2023/12/Mantenimiento-2-uai-1920x1080.jpg,https://idpc.gov.co/sanjuandedios/edificio-de-mantenimiento-lavanderia-y-mecanica
https://idpc.gov.co/sanjuandedios/wp-content/uploads/2023/12/Mantenimiento-3-uai-1920x1080.jpg,https://idpc.gov.co/sanjuandedios/edificio-de-mantenimiento-lavanderia-y-mecanica
https://idpc.gov.co/sanjuandedios/wp-content/uploads/2023/12/Mantenimiento-6-uai-1920x1080.jpg,https://idpc.gov.co/sanjuandedios/edificio-de-mantenimiento-lavanderia-y-mecanica
https://idpc.gov.co/sanjuandedios/wp-content/uploads/2023/12/Mantenimiento-7-uai-1920x1080.jpg,https://idpc.gov.co/sanjuandedios/edificio-de-mantenimiento-lavanderia-y-mecanica
https://idpc.gov.co/sanjuandedios/wp-content/uploads/2023/12/Mantenimiento-4-uai-1920x1080.jpg,https://idpc.gov.co/sanjuandedios/edificio-de-mantenimiento-lavanderia-y-mecanica
https://idpc.gov.co/sanjuandedios/wp-content/uploads/2023/12/Mantenimiento-5-uai-1920x1080.jpg,https://idpc.gov.co/sanjuandedios/edificio-de-mantenimiento-lavanderia-y-mecanica
https://idpc.gov.co/sanjuandedios/wp-content/uploads/2023/12/Mantenimiento_hoy.jpg,https://idpc.gov.co/sanjuandedios/edificio-de-mantenimiento-lavanderia-y-mecanica
https://idpc.gov.co/sanjuandedios/wp-content/uploads/2023/12/20230928_cap_renobo-20-uai-833x667.jpg,https://idpc.gov.co/sanjuandedios/casa-abierta
https://idpc.gov.co/sanjuandedios/wp-content/uploads/2023/12/maletin1_DSC1918.jpg,https://idpc.gov.co/sanjuandedios/casa-abierta
https://idpc.gov.co/sanjuandedios/wp-content/uploads/2023/12/rayosx_DSC1840.jpg,https://idpc.gov.co/sanjuandedios/casa-abierta
https://idpc.gov.co/sanjuandedios/wp-content/uploads/2023/12/rayosx_DSC1832-.jpg,https://idpc.gov.co/sanjuandedios/casa-abierta
https://idpc.gov.co/sanjuandedios/wp-content/uploads/2023/12/Linea-de-tiempo-3.jpg,https://idpc.gov.co/sanjuandedios/casa-abierta
https://idpc.gov.co/sanjuandedios/wp-content/uploads/2023/12/maqueta1.jpg,https://idpc.gov.co/sanjuandedios/casa-abierta
https://idpc.gov.co/sanjuandedios/wp-content/uploads/2023/12/nevera_DSC2046.jpg,https://idpc.gov.co/sanjuandedios/casa-abierta
https://idpc.gov.co/sanjuandedios/wp-content/uploads/2023/12/maletin1_DSC1918-uai-889x667.jpg,https://idpc.gov.co/sanjuandedios/casa-abierta
https://idpc.gov.co/sanjuandedios/wp-content/uploads/2023/12/escritorio1_DSC2022.jpg,https://idpc.gov.co/sanjuandedios/casa-abierta
https://idpc.gov.co/sanjuandedios/wp-content/uploads/2023/12/Linea-de-tiempo-2.jpg,https://idpc.gov.co/sanjuandedios/casa-abierta
https://idpc.gov.co/sanjuandedios/wp-content/uploads/2023/12/Linea-de-tiempo-2-uai-750x750.jpg,https://idpc.gov.co/sanjuandedios/casa-abierta
https://idpc.gov.co/sanjuandedios/wp-content/uploads/2023/12/FotoRecomendacionesEntrada-uai-675x1200.jpg,https://idpc.gov.co/sanjuandedios/casa-abierta
https://idpc.gov.co/sanjuandedios/wp-content/uploads/2023/12/maqueta2.jpg,https://idpc.gov.co/sanjuandedios/casa-abierta
https://idpc.gov.co/sanjuandedios/wp-content/uploads/2023/12/maqueta3.jpg,https://idpc.gov.co/sanjuandedios/casa-abierta
https://idpc.gov.co/sanjuandedios/wp-content/uploads/2023/12/televisor_DSC2056-uai-889x667.jpg,https://idpc.gov.co/sanjuandedios/casa-abierta
https://idpc.gov.co/sanjuandedios/wp-content/uploads/2023/12/reclinatorio_DSC1506-uai-667x500.jpg,https://idpc.gov.co/sanjuandedios/casa-abierta
https://idpc.gov.co/sanjuandedios/wp-content/uploads/2023/12/caja-limosnas_DSC1575-uai-667x500.jpg,https://idpc.gov.co/sanjuandedios/casa-abierta
https://idpc.gov.co/sanjuandedios/wp-content/uploads/2023/12/reclinatorio_DSC1506.jpg,https://idpc.gov.co/sanjuandedios/casa-abierta
https://idpc.gov.co/sanjuandedios/wp-content/uploads/2023/12/televisor_DSC2056.jpg,https://idpc.gov.co/sanjuandedios/casa-abierta
https://idpc.gov.co/sanjuandedios/wp-content/uploads/2023/12/20230928_cap_renobo-19-uai-833x667.jpg,https://idpc.gov.co/sanjuandedios/casa-abierta
https://idpc.gov.co/sanjuandedios/wp-content/uploads/2023/12/20230928_cap_renobo-19.jpg,https://idpc.gov.co/sanjuandedios/casa-abierta
https://idpc.gov.co/sanjuandedios/wp-content/uploads/2023/12/caja-limosnas_DSC1575.jpg,https://idpc.gov.co/sanjuandedios/casa-abierta
https://idpc.gov.co/sanjuandedios/wp-content/uploads/2023/12/escritorio1_DSC2022-uai-667x500.jpg,https://idpc.gov.co/sanjuandedios/casa-abierta
https://idpc.gov.co/sanjuandedios/wp-content/uploads/2023/12/20230928_cap_renobo-20.jpg,https://idpc.gov.co/sanjuandedios/casa-abierta
https://idpc.gov.co/sanjuandedios/wp-content/uploads/2023/12/rayosx_DSC1840-uai-889x667.jpg,https://idpc.gov.co/sanjuandedios/casa-abierta
https://idpc.gov.co/sanjuandedios/wp-content/uploads/2023/12/nevera_DSC2046-uai-889x667.jpg,https://idpc.gov.co/sanjuandedios/casa-abierta
https://idpc.gov.co/sanjuandedios/wp-content/uploads/2023/12/Linea-de-tiempo-3-uai-333x333.jpg,https://idpc.gov.co/sanjuandedios/casa-abierta
https://idpc.gov.co/sanjuandedios/wp-content/uploads/2023/12/rayosx_DSC1832--uai-889x667.jpg,https://idpc.gov.co/sanjuandedios/casa-abierta
https://idpc.gov.co/sanjuandedios/wp-content/uploads/2023/12/Linea-de-tiempo-4-uai-750x750.jpg,https://idpc.gov.co/sanjuandedios/casa-abierta
https://idpc.gov.co/sanjuandedios/wp-content/uploads/2023/12/Cartel_DSC3243.jpg,https://idpc.gov.co/sanjuandedios/archivo-y-publicaciones-gral/activacion-social-y-reconocimiento/laboratorios-sociales
https://idpc.gov.co/sanjuandedios/wp-content/uploads/2023/12/Cartel_DSC3038.jpg,https://idpc.gov.co/sanjuandedios/archivo-y-publicaciones-gral/activacion-social-y-reconocimiento/laboratorios-sociales
https://idpc.gov.co/sanjuandedios/wp-content/uploads/2023/12/ProcesoFanzine_DSC3663-uai-667x667.jpg,https://idpc.gov.co/sanjuandedios/archivo-y-publicaciones-gral/activacion-social-y-reconocimiento/laboratorios-sociales
https://idpc.gov.co/sanjuandedios/wp-content/uploads/2023/12/ProyectosAudiovisuales_DSC6588-Enhanced-NR-uai-375x667.jpg,https://idpc.gov.co/sanjuandedios/archivo-y-publicaciones-gral/activacion-social-y-reconocimiento/laboratorios-sociales
https://idpc.gov.co/sanjuandedios/wp-content/uploads/2023/12/Cartel_DSC3195-uai-375x667.jpg,https://idpc.gov.co/sanjuandedios/archivo-y-publicaciones-gral/activacion-social-y-reconocimiento/laboratorios-sociales
https://idpc.gov.co/sanjuandedios/wp-content/uploads/2023/12/Cartel_DSC3110-uai-375x667.jpg,https://idpc.gov.co/sanjuandedios/archivo-y-publicaciones-gral/activacion-social-y-reconocimiento/laboratorios-sociales
https://idpc.gov.co/sanjuandedios/wp-content/uploads/2023/12/EscrituraCreativa_DSC2226-Enhanced-NR.jpg,https://idpc.gov.co/sanjuandedios/archivo-y-publicaciones-gral/activacion-social-y-reconocimiento/laboratorios-sociales
https://idpc.gov.co/sanjuandedios/wp-content/uploads/2023/12/Cartel_DSC3038-uai-375x667.jpg,https://idpc.gov.co/sanjuandedios/archivo-y-publicaciones-gral/activacion-social-y-reconocimiento/laboratorios-sociales
https://idpc.gov.co/sanjuandedios/wp-content/uploads/2023/12/EscrituraCreativa_DSC2618-Enhanced-NR-uai-375x667.jpg,https://idpc.gov.co/sanjuandedios/archivo-y-publicaciones-gral/activacion-social-y-reconocimiento/laboratorios-sociales
https://idpc.gov.co/sanjuandedios/wp-content/uploads/2023/12/ProyectosAudiovisuales_DSC6364-uai-375x667.jpg,https://idpc.gov.co/sanjuandedios/archivo-y-publicaciones-gral/activacion-social-y-reconocimiento/laboratorios-sociales
https://idpc.gov.co/sanjuandedios/wp-content/uploads/2023/12/ProcesoFanzine_DSC3609.jpg,https://idpc.gov.co/sanjuandedios/archivo-y-publicaciones-gral/activacion-social-y-reconocimiento/laboratorios-sociales
https://idpc.gov.co/sanjuandedios/wp-content/uploads/2023/12/Cartel_DSC3236-uai-375x667.jpg,https://idpc.gov.co/sanjuandedios/archivo-y-publicaciones-gral/activacion-social-y-reconocimiento/laboratorios-sociales
https://idpc.gov.co/sanjuandedios/wp-content/uploads/2023/12/EscrituraCreativa_DSC2560-Enhanced-NR.jpg,https://idpc.gov.co/sanjuandedios/archivo-y-publicaciones-gral/activacion-social-y-reconocimiento/laboratorios-sociales
https://idpc.gov.co/sanjuandedios/wp-content/uploads/2023/12/Cartel_DSC3130.jpg,https://idpc.gov.co/sanjuandedios/archivo-y-publicaciones-gral/activacion-social-y-reconocimiento/laboratorios-sociales
https://idpc.gov.co/sanjuandedios/wp-content/uploads/2023/12/ProcesoFanzine_DSC3580-Enhanced-NR.jpg,https://idpc.gov.co/sanjuandedios/archivo-y-publicaciones-gral/activacion-social-y-reconocimiento/laboratorios-sociales
https://idpc.gov.co/sanjuandedios/wp-content/uploads/2023/12/ProyectosAudiovisuales_DSC6622-Enhanced-NR-uai-375x667.jpg,https://idpc.gov.co/sanjuandedios/archivo-y-publicaciones-gral/activacion-social-y-reconocimiento/laboratorios-sociales
https://idpc.gov.co/sanjuandedios/wp-content/uploads/2023/12/Cartel_DSC2993-uai-375x667.jpg,https://idpc.gov.co/sanjuandedios/archivo-y-publicaciones-gral/activacion-social-y-reconocimiento/laboratorios-sociales
https://idpc.gov.co/sanjuandedios/wp-content/uploads/2023/12/unlugareneltiempo-uai-740x740.jpg,https://idpc.gov.co/sanjuandedios/archivo-y-publicaciones-gral/activacion-social-y-reconocimiento/laboratorios-sociales
https://idpc.gov.co/sanjuandedios/wp-content/uploads/2023/12/ProcesoFanzine_DSC3663.jpg,https://idpc.gov.co/sanjuandedios/archivo-y-publicaciones-gral/activacion-social-y-reconocimiento/laboratorios-sociales
https://idpc.gov.co/sanjuandedios/wp-content/uploads/2023/12/ProyectosAudiovisuales_DSC6114.jpg,https://idpc.gov.co/sanjuandedios/archivo-y-publicaciones-gral/activacion-social-y-reconocimiento/laboratorios-sociales
https://idpc.gov.co/sanjuandedios/wp-content/uploads/2023/12/DiarioDelSanJuan-uai-630x630.jpg,https://idpc.gov.co/sanjuandedios/archivo-y-publicaciones-gral/activacion-social-y-reconocimiento/laboratorios-sociales
https://idpc.gov.co/sanjuandedios/wp-content/uploads/2023/12/ProyectosAudiovisuales_DSC6406-uai-375x667.jpg,https://idpc.gov.co/sanjuandedios/archivo-y-publicaciones-gral/activacion-social-y-reconocimiento/laboratorios-sociales
https://idpc.gov.co/sanjuandedios/wp-content/uploads/2023/12/Cartel_DSC3183.jpg,https://idpc.gov.co/sanjuandedios/archivo-y-publicaciones-gral/activacion-social-y-reconocimiento/laboratorios-sociales
https://idpc.gov.co/sanjuandedios/wp-content/uploads/2023/12/EscrituraCreativa_DSC2575-Enhanced-NR.jpg,https://idpc.gov.co/sanjuandedios/archivo-y-publicaciones-gral/activacion-social-y-reconocimiento/laboratorios-sociales
https://idpc.gov.co/sanjuandedios/wp-content/uploads/2023/12/Podcast_20230920.jpg,https://idpc.gov.co/sanjuandedios/archivo-y-publicaciones-gral/activacion-social-y-reconocimiento/laboratorios-sociales
https://idpc.gov.co/sanjuandedios/wp-content/uploads/2023/12/Podcast_DSC4420.jpg,https://idpc.gov.co/sanjuandedios/archivo-y-publicaciones-gral/activacion-social-y-reconocimiento/laboratorios-sociales
https://idpc.gov.co/sanjuandedios/wp-content/uploads/2023/12/Cartel_DSC3234.jpg,https://idpc.gov.co/sanjuandedios/archivo-y-publicaciones-gral/activacion-social-y-reconocimiento/laboratorios-sociales
https://idpc.gov.co/sanjuandedios/wp-content/uploads/2023/12/EscrituraCreativa_DSC2597-Enhanced-NR-uai-375x667.jpg,https://idpc.gov.co/sanjuandedios/archivo-y-publicaciones-gral/activacion-social-y-reconocimiento/laboratorios-sociales
https://idpc.gov.co/sanjuandedios/wp-content/uploads/2023/12/ProyectosAudiovisuales_DSC6359.jpg,https://idpc.gov.co/sanjuandedios/archivo-y-publicaciones-gral/activacion-social-y-reconocimiento/laboratorios-sociales
https://idpc.gov.co/sanjuandedios/wp-content/uploads/2023/12/20231211_expo_resurgir-128_-uai-667x667.jpg,https://idpc.gov.co/sanjuandedios/archivo-y-publicaciones-gral/activacion-social-y-reconocimiento/laboratorios-sociales
https://idpc.gov.co/sanjuandedios/wp-content/uploads/2023/12/ProyectosAudiovisuales_DSC6390-uai-375x667.jpg,https://idpc.gov.co/sanjuandedios/archivo-y-publicaciones-gral/activacion-social-y-reconocimiento/laboratorios-sociales
https://idpc.gov.co/sanjuandedios/wp-content/uploads/2023/12/EscrituraCreativa_DSC2170-Enhanced-NR.jpg,https://idpc.gov.co/sanjuandedios/archivo-y-publicaciones-gral/activacion-social-y-reconocimiento/laboratorios-sociales
https://idpc.gov.co/sanjuandedios/wp-content/uploads/2023/12/Podcast_DSC4356.jpg,https://idpc.gov.co/sanjuandedios/archivo-y-publicaciones-gral/activacion-social-y-reconocimiento/laboratorios-sociales
https://idpc.gov.co/sanjuandedios/wp-content/uploads/2023/12/Cartel_DSC2979-uai-375x667.jpg,https://idpc.gov.co/sanjuandedios/archivo-y-publicaciones-gral/activacion-social-y-reconocimiento/laboratorios-sociales
https://idpc.gov.co/sanjuandedios/wp-content/uploads/2023/12/Cartel_DSC3092.jpg,https://idpc.gov.co/sanjuandedios/archivo-y-publicaciones-gral/activacion-social-y-reconocimiento/laboratorios-sociales
https://idpc.gov.co/sanjuandedios/wp-content/uploads/2023/12/ProyectosAudiovisuales_DSC6633-Enhanced-NR.jpg,https://idpc.gov.co/sanjuandedios/archivo-y-publicaciones-gral/activacion-social-y-reconocimiento/laboratorios-sociales
https://idpc.gov.co/sanjuandedios/wp-content/uploads/2023/12/Cartel_DSC3183-uai-375x667.jpg,https://idpc.gov.co/sanjuandedios/archivo-y-publicaciones-gral/activacion-social-y-reconocimiento/laboratorios-sociales
https://idpc.gov.co/sanjuandedios/wp-content/uploads/2023/12/ProyectosAudiovisuales_DSC6618-Enhanced-NR.jpg,https://idpc.gov.co/sanjuandedios/archivo-y-publicaciones-gral/activacion-social-y-reconocimiento/laboratorios-sociales
https://idpc.gov.co/sanjuandedios/wp-content/uploads/2023/12/Cartel_DSC3110.jpg,https://idpc.gov.co/sanjuandedios/archivo-y-publicaciones-gral/activacion-social-y-reconocimiento/laboratorios-sociales
https://idpc.gov.co/sanjuandedios/wp-content/uploads/2023/12/ProcesoFanzine_DSC3580-Enhanced-NR-uai-445x296.jpg,https://idpc.gov.co/sanjuandedios/archivo-y-publicaciones-gral/activacion-social-y-reconocimiento/laboratorios-sociales
https://idpc.gov.co/sanjuandedios/wp-content/uploads/2023/12/EscrituraCreativa_DSC2103-Enhanced-NR-uai-375x667.jpg,https://idpc.gov.co/sanjuandedios/archivo-y-publicaciones-gral/activacion-social-y-reconocimiento/laboratorios-sociales
https://idpc.gov.co/sanjuandedios/wp-content/uploads/2023/12/ProyectosAudiovisuales_DSC6622-Enhanced-NR.jpg,https://idpc.gov.co/sanjuandedios/archivo-y-publicaciones-gral/activacion-social-y-reconocimiento/laboratorios-sociales
https://idpc.gov.co/sanjuandedios/wp-content/uploads/2023/12/Cartel_DSC3195.jpg,https://idpc.gov.co/sanjuandedios/archivo-y-publicaciones-gral/activacion-social-y-reconocimiento/laboratorios-sociales
https://idpc.gov.co/sanjuandedios/wp-content/uploads/2023/12/EscrituraCreativa_DSC2299-Enhanced-NR.jpg,https://idpc.gov.co/sanjuandedios/archivo-y-publicaciones-gral/activacion-social-y-reconocimiento/laboratorios-sociales
https://idpc.gov.co/sanjuandedios/wp-content/uploads/2023/12/ProyectosAudiovisuales_DSC6362.jpg,https://idpc.gov.co/sanjuandedios/archivo-y-publicaciones-gral/activacion-social-y-reconocimiento/laboratorios-sociales
https://idpc.gov.co/sanjuandedios/wp-content/uploads/2023/12/ProyectosAudiovisuales_DSC6610-Enhanced-NR-uai-375x667.jpg,https://idpc.gov.co/sanjuandedios/archivo-y-publicaciones-gral/activacion-social-y-reconocimiento/laboratorios-sociales
https://idpc.gov.co/sanjuandedios/wp-content/uploads/2023/12/Podcast_DSC4399.jpg,https://idpc.gov.co/sanjuandedios/archivo-y-publicaciones-gral/activacion-social-y-reconocimiento/laboratorios-sociales
https://idpc.gov.co/sanjuandedios/wp-content/uploads/2023/12/Cartel_DSC3130-uai-375x667.jpg,https://idpc.gov.co/sanjuandedios/archivo-y-publicaciones-gral/activacion-social-y-reconocimiento/laboratorios-sociales
https://idpc.gov.co/sanjuandedios/wp-content/uploads/2023/12/Podcast_DSC4408.jpg,https://idpc.gov.co/sanjuandedios/archivo-y-publicaciones-gral/activacion-social-y-reconocimiento/laboratorios-sociales
https://idpc.gov.co/sanjuandedios/wp-content/uploads/2023/12/ProyectosAudiovisuales_DSC6114-uai-375x667.jpg,https://idpc.gov.co/sanjuandedios/archivo-y-publicaciones-gral/activacion-social-y-reconocimiento/laboratorios-sociales
https://idpc.gov.co/sanjuandedios/wp-content/uploads/2023/12/Cartel_DSC3223-uai-375x667.jpg,https://idpc.gov.co/sanjuandedios/archivo-y-publicaciones-gral/activacion-social-y-reconocimiento/laboratorios-sociales
https://idpc.gov.co/sanjuandedios/wp-content/uploads/2023/12/ProcesoFanzine_DSC3590.jpg,https://idpc.gov.co/sanjuandedios/archivo-y-publicaciones-gral/activacion-social-y-reconocimiento/laboratorios-sociales
https://idpc.gov.co/sanjuandedios/wp-content/uploads/2023/12/ProcesoFanzine_DSC3615.jpg,https://idpc.gov.co/sanjuandedios/archivo-y-publicaciones-gral/activacion-social-y-reconocimiento/laboratorios-sociales
https://idpc.gov.co/sanjuandedios/wp-content/uploads/2023/12/Cartel_DSC3234-uai-375x667.jpg,https://idpc.gov.co/sanjuandedios/archivo-y-publicaciones-gral/activacion-social-y-reconocimiento/laboratorios-sociales
https://idpc.gov.co/sanjuandedios/wp-content/uploads/2023/12/ProyectosAudiovisuales_DSC6573-Enhanced-NR.jpg,https://idpc.gov.co/sanjuandedios/archivo-y-publicaciones-gral/activacion-social-y-reconocimiento/laboratorios-sociales
https://idpc.gov.co/sanjuandedios/wp-content/uploads/2023/12/ProyectosAudiovisuales_DSC6633-Enhanced-NR-uai-375x667.jpg,https://idpc.gov.co/sanjuandedios/archivo-y-publicaciones-gral/activacion-social-y-reconocimiento/laboratorios-sociales
https://idpc.gov.co/sanjuandedios/wp-content/uploads/2023/12/ProcesoFanzine_DSC3604.jpg,https://idpc.gov.co/sanjuandedios/archivo-y-publicaciones-gral/activacion-social-y-reconocimiento/laboratorios-sociales
https://idpc.gov.co/sanjuandedios/wp-content/uploads/2023/12/Cartel_DSC3223.jpg,https://idpc.gov.co/sanjuandedios/archivo-y-publicaciones-gral/activacion-social-y-reconocimiento/laboratorios-sociales
https://idpc.gov.co/sanjuandedios/wp-content/uploads/2023/12/Cartel_DSC3233.jpg,https://idpc.gov.co/sanjuandedios/archivo-y-publicaciones-gral/activacion-social-y-reconocimiento/laboratorios-sociales
https://idpc.gov.co/sanjuandedios/wp-content/uploads/2023/12/EscrituraCreativa_DSC2170-Enhanced-NR-uai-375x667.jpg,https://idpc.gov.co/sanjuandedios/archivo-y-publicaciones-gral/activacion-social-y-reconocimiento/laboratorios-sociales
https://idpc.gov.co/sanjuandedios/wp-content/uploads/2023/12/EscrituraCreativa_DSC2299-Enhanced-NR-uai-375x667.jpg,https://idpc.gov.co/sanjuandedios/archivo-y-publicaciones-gral/activacion-social-y-reconocimiento/laboratorios-sociales
https://idpc.gov.co/sanjuandedios/wp-content/uploads/2023/12/Cartel_DSC3233-uai-375x667.jpg,https://idpc.gov.co/sanjuandedios/archivo-y-publicaciones-gral/activacion-social-y-reconocimiento/laboratorios-sociales
https://idpc.gov.co/sanjuandedios/wp-content/uploads/2023/12/Cartel_DSC3054.jpg,https://idpc.gov.co/sanjuandedios/archivo-y-publicaciones-gral/activacion-social-y-reconocimiento/laboratorios-sociales
https://idpc.gov.co/sanjuandedios/wp-content/uploads/2023/12/Cartel_DSC3165.jpg,https://idpc.gov.co/sanjuandedios/archivo-y-publicaciones-gral/activacion-social-y-reconocimiento/laboratorios-sociales
https://idpc.gov.co/sanjuandedios/wp-content/uploads/2023/12/Cartel_DSC3240.jpg,https://idpc.gov.co/sanjuandedios/archivo-y-publicaciones-gral/activacion-social-y-reconocimiento/laboratorios-sociales
https://idpc.gov.co/sanjuandedios/wp-content/uploads/2023/12/Cartel_DSC3092-uai-375x667.jpg,https://idpc.gov.co/sanjuandedios/archivo-y-publicaciones-gral/activacion-social-y-reconocimiento/laboratorios-sociales
https://idpc.gov.co/sanjuandedios/wp-content/uploads/2023/12/Cartel_DSC3243-uai-375x667.jpg,https://idpc.gov.co/sanjuandedios/archivo-y-publicaciones-gral/activacion-social-y-reconocimiento/laboratorios-sociales
https://idpc.gov.co/sanjuandedios/wp-content/uploads/2023/12/EscrituraCreativa_DSC2156-Enhanced-NR-uai-375x667.jpg,https://idpc.gov.co/sanjuandedios/archivo-y-publicaciones-gral/activacion-social-y-reconocimiento/laboratorios-sociales
https://idpc.gov.co/sanjuandedios/wp-content/uploads/2023/12/Cartel_DSC3240-uai-375x667.jpg,https://idpc.gov.co/sanjuandedios/archivo-y-publicaciones-gral/activacion-social-y-reconocimiento/laboratorios-sociales
https://idpc.gov.co/sanjuandedios/wp-content/uploads/2023/12/ProyectosAudiovisuales_DSC6559-Enhanced-NR-uai-375x667.jpg,https://idpc.gov.co/sanjuandedios/archivo-y-publicaciones-gral/activacion-social-y-reconocimiento/laboratorios-sociales
https://idpc.gov.co/sanjuandedios/wp-content/uploads/2023/12/Cartel_DSC3232.jpg,https://idpc.gov.co/sanjuandedios/archivo-y-publicaciones-gral/activacion-social-y-reconocimiento/laboratorios-sociales
https://idpc.gov.co/sanjuandedios/wp-content/uploads/2023/12/ProyectosAudiovisuales_DSC6618-Enhanced-NR-uai-375x667.jpg,https://idpc.gov.co/sanjuandedios/archivo-y-publicaciones-gral/activacion-social-y-reconocimiento/laboratorios-sociales
https://idpc.gov.co/sanjuandedios/wp-content/uploads/2023/12/EscrituraCreativa_DSC2597-Enhanced-NR.jpg,https://idpc.gov.co/sanjuandedios/archivo-y-publicaciones-gral/activacion-social-y-reconocimiento/laboratorios-sociales
https://idpc.gov.co/sanjuandedios/wp-content/uploads/2023/12/Cartel_DSC2993.jpg,https://idpc.gov.co/sanjuandedios/archivo-y-publicaciones-gral/activacion-social-y-reconocimiento/laboratorios-sociales
https://idpc.gov.co/sanjuandedios/wp-content/uploads/2023/12/ProyectosAudiovisuales_DSC6573-Enhanced-NR-uai-375x667.jpg,https://idpc.gov.co/sanjuandedios/archivo-y-publicaciones-gral/activacion-social-y-reconocimiento/laboratorios-sociales
https://idpc.gov.co/sanjuandedios/wp-content/uploads/2023/12/ProcesoFanzine_DSC3692.jpg,https://idpc.gov.co/sanjuandedios/archivo-y-publicaciones-gral/activacion-social-y-reconocimiento/laboratorios-sociales
https://idpc.gov.co/sanjuandedios/wp-content/uploads/2023/12/ProcesoFanzine_DSC3687.jpg,https://idpc.gov.co/sanjuandedios/archivo-y-publicaciones-gral/activacion-social-y-reconocimiento/laboratorios-sociales
https://idpc.gov.co/sanjuandedios/wp-content/uploads/2023/12/ProyectosAudiovisuales_DSC6406.jpg,https://idpc.gov.co/sanjuandedios/archivo-y-publicaciones-gral/activacion-social-y-reconocimiento/laboratorios-sociales
https://idpc.gov.co/sanjuandedios/wp-content/uploads/2023/12/ProyectosAudiovisuales_DSC6390.jpg,https://idpc.gov.co/sanjuandedios/archivo-y-publicaciones-gral/activacion-social-y-reconocimiento/laboratorios-sociales
https://idpc.gov.co/sanjuandedios/wp-content/uploads/2023/12/EscrituraCreativa_DSC2103-Enhanced-NR.jpg,https://idpc.gov.co/sanjuandedios/archivo-y-publicaciones-gral/activacion-social-y-reconocimiento/laboratorios-sociales
https://idpc.gov.co/sanjuandedios/wp-content/uploads/2023/12/Screenshot-2023-12-12-at-1.48.53-PM-uai-994x994.png,https://idpc.gov.co/sanjuandedios/archivo-y-publicaciones-gral/activacion-social-y-reconocimiento/laboratorios-sociales
https://idpc.gov.co/sanjuandedios/wp-content/uploads/2023/12/EscrituraCreativa_DSC2618-Enhanced-NR.jpg,https://idpc.gov.co/sanjuandedios/archivo-y-publicaciones-gral/activacion-social-y-reconocimiento/laboratorios-sociales
https://idpc.gov.co/sanjuandedios/wp-content/uploads/2023/12/ProyectosAudiovisuales_DSC6362-uai-375x667.jpg,https://idpc.gov.co/sanjuandedios/archivo-y-publicaciones-gral/activacion-social-y-reconocimiento/laboratorios-sociales
https://idpc.gov.co/sanjuandedios/wp-content/uploads/2023/12/Cartel_DSC3054-uai-375x667.jpg,https://idpc.gov.co/sanjuandedios/archivo-y-publicaciones-gral/activacion-social-y-reconocimiento/laboratorios-sociales
https://idpc.gov.co/sanjuandedios/wp-content/uploads/2023/12/EscrituraCreativa_DSC2560-Enhanced-NR-uai-375x667.jpg,https://idpc.gov.co/sanjuandedios/archivo-y-publicaciones-gral/activacion-social-y-reconocimiento/laboratorios-sociales
https://idpc.gov.co/sanjuandedios/wp-content/uploads/2023/12/EscrituraCreativa_DSC2226-Enhanced-NR-uai-375x667.jpg,https://idpc.gov.co/sanjuandedios/archivo-y-publicaciones-gral/activacion-social-y-reconocimiento/laboratorios-sociales
https://idpc.gov.co/sanjuandedios/wp-content/uploads/2023/12/ProyectosAudiovisuales_DSC6588-Enhanced-NR.jpg,https://idpc.gov.co/sanjuandedios/archivo-y-publicaciones-gral/activacion-social-y-reconocimiento/laboratorios-sociales
https://idpc.gov.co/sanjuandedios/wp-content/uploads/2023/12/Cartel_DSC2979.jpg,https://idpc.gov.co/sanjuandedios/archivo-y-publicaciones-gral/activacion-social-y-reconocimiento/laboratorios-sociales
https://idpc.gov.co/sanjuandedios/wp-content/uploads/2023/12/ProyectosAudiovisuales_DSC6359-uai-375x667.jpg,https://idpc.gov.co/sanjuandedios/archivo-y-publicaciones-gral/activacion-social-y-reconocimiento/laboratorios-sociales
https://idpc.gov.co/sanjuandedios/wp-content/uploads/2023/12/ProyectosAudiovisuales_DSC6610-Enhanced-NR.jpg,https://idpc.gov.co/sanjuandedios/archivo-y-publicaciones-gral/activacion-social-y-reconocimiento/laboratorios-sociales
https://idpc.gov.co/sanjuandedios/wp-content/uploads/2023/12/ProyectosAudiovisuales_DSC6364.jpg,https://idpc.gov.co/sanjuandedios/archivo-y-publicaciones-gral/activacion-social-y-reconocimiento/laboratorios-sociales
https://idpc.gov.co/sanjuandedios/wp-content/uploads/2023/12/ProcesoFanzine_DSC3562.jpg,https://idpc.gov.co/sanjuandedios/archivo-y-publicaciones-gral/activacion-social-y-reconocimiento/laboratorios-sociales
https://idpc.gov.co/sanjuandedios/wp-content/uploads/2023/12/Cartel_DSC3232-uai-375x667.jpg,https://idpc.gov.co/sanjuandedios/archivo-y-publicaciones-gral/activacion-social-y-reconocimiento/laboratorios-sociales
https://idpc.gov.co/sanjuandedios/wp-content/uploads/2023/12/EscrituraCreativa_DSC2156-Enhanced-NR.jpg,https://idpc.gov.co/sanjuandedios/archivo-y-publicaciones-gral/activacion-social-y-reconocimiento/laboratorios-sociales
https://idpc.gov.co/sanjuandedios/wp-content/uploads/2023/12/ProyectosAudiovisuales_DSC6402.jpg,https://idpc.gov.co/sanjuandedios/archivo-y-publicaciones-gral/activacion-social-y-reconocimiento/laboratorios-sociales
https://idpc.gov.co/sanjuandedios/wp-content/uploads/2023/12/Cartel_DSC3236.jpg,https://idpc.gov.co/sanjuandedios/archivo-y-publicaciones-gral/activacion-social-y-reconocimiento/laboratorios-sociales
https://idpc.gov.co/sanjuandedios/wp-content/uploads/2023/12/ProcesoFanzine_DSC3597-Enhanced-NR.jpg,https://idpc.gov.co/sanjuandedios/archivo-y-publicaciones-gral/activacion-social-y-reconocimiento/laboratorios-sociales
https://idpc.gov.co/sanjuandedios/wp-content/uploads/2023/12/ProyectosAudiovisuales_DSC6402-uai-375x667.jpg,https://idpc.gov.co/sanjuandedios/archivo-y-publicaciones-gral/activacion-social-y-reconocimiento/laboratorios-sociales
https://idpc.gov.co/sanjuandedios/wp-content/uploads/2023/12/ProyectosAudiovisuales_DSC6559-Enhanced-NR.jpg,https://idpc.gov.co/sanjuandedios/archivo-y-publicaciones-gral/activacion-social-y-reconocimiento/laboratorios-sociales
https://idpc.gov.co/sanjuandedios/wp-content/uploads/2023/12/Cartel_DSC3165-uai-375x667.jpg,https://idpc.gov.co/sanjuandedios/archivo-y-publicaciones-gral/activacion-social-y-reconocimiento/laboratorios-sociales
https://idpc.gov.co/sanjuandedios/wp-content/uploads/2023/12/Podcast_DSC4365.jpg,https://idpc.gov.co/sanjuandedios/archivo-y-publicaciones-gral/activacion-social-y-reconocimiento/laboratorios-sociales
https://idpc.gov.co/sanjuandedios/wp-content/uploads/2023/12/EscrituraCreativa_DSC2575-Enhanced-NR-uai-375x667.jpg,https://idpc.gov.co/sanjuandedios/archivo-y-publicaciones-gral/activacion-social-y-reconocimiento/laboratorios-sociales
https://idpc.gov.co/sanjuandedios/wp-content/uploads/2022/11/ArchivoElEspectador-uai-1040x1560.webp,https://idpc.gov.co/sanjuandedios/archivo-y-publicaciones-gral/historia-del-hospital
https://idpc.gov.co/sanjuandedios/wp-content/uploads/2023/12/PortadaHistoriadelSAnJuan.jpg,https://idpc.gov.co/sanjuandedios/archivo-y-publicaciones-gral/historia-del-hospital
https://idpc.gov.co/sanjuandedios/wp-content/uploads/2023/12/20231211_expo_resurgir-35-uai-445x296.jpg,https://idpc.gov.co/sanjuandedios/archivo-y-publicaciones-gral/activacion-social-y-reconocimiento/proyectos-visuales
https://idpc.gov.co/sanjuandedios/wp-content/uploads/2023/12/unlugareneltiempo-uai-1000x666.jpg,https://idpc.gov.co/sanjuandedios/archivo-y-publicaciones-gral/activacion-social-y-reconocimiento/proyectos-visuales
https://idpc.gov.co/sanjuandedios/wp-content/uploads/2023/12/20231211_expo_resurgir-23-uai-445x296.jpg,https://idpc.gov.co/sanjuandedios/archivo-y-publicaciones-gral/activacion-social-y-reconocimiento/proyectos-visuales
https://idpc.gov.co/sanjuandedios/wp-content/uploads/2023/12/20231211_expo_resurgir-125-uai-445x296.jpg,https://idpc.gov.co/sanjuandedios/archivo-y-publicaciones-gral/activacion-social-y-reconocimiento/proyectos-visuales
https://idpc.gov.co/sanjuandedios/wp-content/uploads/2023/12/20231211_expo_resurgir-36-uai-445x296.jpg,https://idpc.gov.co/sanjuandedios/archivo-y-publicaciones-gral/activacion-social-y-reconocimiento/proyectos-visuales
https://idpc.gov.co/sanjuandedios/wp-content/uploads/2023/12/Screenshot-2023-12-12-at-1.48.53-PM-uai-1476x984.png,https://idpc.gov.co/sanjuandedios/archivo-y-publicaciones-gral/activacion-social-y-reconocimiento/proyectos-visuales
https://idpc.gov.co/sanjuandedios/wp-content/uploads/2023/12/DiarioDelSanJuan-uai-900x600.jpg,https://idpc.gov.co/sanjuandedios/archivo-y-publicaciones-gral/activacion-social-y-reconocimiento/proyectos-visuales
https://idpc.gov.co/sanjuandedios/wp-content/uploads/2023/12/20231211_expo_resurgir-112-uai-445x296.jpg,https://idpc.gov.co/sanjuandedios/archivo-y-publicaciones-gral/activacion-social-y-reconocimiento/proyectos-visuales
https://idpc.gov.co/sanjuandedios/wp-content/uploads/2023/12/Publicaciones-uai-900x600.png,https://idpc.gov.co/sanjuandedios/archivo-y-publicaciones-gral/activacion-social-y-reconocimiento
